,StaffID,Name,Date of Birth,Gender,Job Title,Employment Date,Experience_Years
0,1,James Garcia,1960-08-26,Male,Therapist,2023-07-27,2.294318959616701
1,2,Linda Garcia,1957-10-03,Male,Therapist,2012-08-06,13.264887063655031
2,3,Jane Smith,1984-09-02,Female,Administrator,2015-05-20,10.480492813141684
3,4,William Williams,1977-01-04,Other,Therapist,2015-12-16,9.905544147843942
4,5,Jane Miller,1989-06-20,Female,Nurse,2016-01-19,9.81245722108145
5,6,Jane Rodriguez,1961-04-12,Male,Administrator,2021-06-15,4.407939767282683
6,7,Mary Rodriguez,1979-12-13,Female,Administrator,2018-01-26,7.79192334017796
7,8,James Miller,1965-11-29,Other,Administrator,2015-12-16,9.905544147843942
8,9,Patricia Jones,1988-04-28,Female,Therapist,2014-12-03,10.940451745379876
9,10,Jane Smith,1966-08-18,Other,Caregiver,2019-04-27,6.543463381245722
10,11,James Davis,1960-05-29,Female,Nurse,2010-09-06,15.181382614647502
11,12,Jane Jones,1972-03-20,Other,Administrator,2018-05-26,7.4633812457221085
12,13,Robert Rodriguez,1983-05-01,Female,Caregiver,2018-03-26,7.630390143737166
13,14,Patricia Jones,1966-06-16,Other,Caregiver,2011-12-17,13.902806297056811
14,15,Sarah Brown,1957-06-21,Female,Therapist,2011-05-22,14.47501711156742
15,16,Michael Brown,1964-02-05,Other,Nurse,2014-04-03,11.60848733744011
16,17,Jane Wilson,1956-08-20,Other,Nurse,2018-01-14,7.824777549623546
17,18,Linda Smith,1961-04-02,Male,Doctor,2011-08-31,14.198494182067078
18,19,Michael Johnson,1953-03-02,Other,Doctor,2014-05-31,11.449691991786448
19,20,John Garcia,1981-12-24,Other,Caregiver,2022-05-03,3.5263518138261465
20,21,Robert Miller,1989-05-02,Other,Doctor,2011-09-25,14.130047912388775
21,22,Jane Wilson,1960-11-15,Other,Doctor,2019-03-05,6.6885694729637235
22,23,Patricia Brown,1952-04-08,Other,Caregiver,2018-01-02,7.857631759069131
23,24,Robert Smith,1964-07-07,Other,Caregiver,2015-10-19,10.064339493497604
24,25,John Johnson,1970-10-21,Male,Administrator,2018-07-16,7.323750855578371
25,26,William Wilson,1975-11-06,Male,Administrator,2013-07-22,12.306639288158795
26,27,Sarah Jones,1982-11-10,Female,Administrator,2017-01-23,8.799452429842573
27,28,Michael Miller,1955-04-28,Other,Therapist,2016-11-19,8.97741273100616
28,29,Mary Jones,1972-02-05,Other,Administrator,2023-04-20,2.5626283367556466
29,30,Sarah Garcia,1984-01-15,Other,Caregiver,2015-04-21,10.559890485968515
30,31,Linda Davis,1971-08-07,Other,Nurse,2013-10-23,12.05201916495551
31,32,Sarah Jones,1984-10-17,Other,Caregiver,2011-03-27,14.628336755646817
32,33,Michael Williams,1982-08-15,Female,Administrator,2017-11-19,7.9780971937029435
33,34,Patricia Wilson,1953-09-18,Other,Therapist,2010-07-26,15.29637234770705
34,35,Patricia Davis,1986-05-22,Male,Administrator,2020-10-22,5.054072553045859
35,36,Michael Smith,1962-09-26,Female,Therapist,2012-04-23,13.552361396303901
36,37,Robert Rodriguez,1984-11-14,Other,Caregiver,2015-03-17,10.655715263518138
37,38,Robert Smith,1968-10-16,Male,Administrator,2016-07-15,9.325119780971937
38,39,Jane Johnson,1971-02-14,Other,Caregiver,2017-08-07,8.262833675564682
39,40,Patricia Rodriguez,1959-03-09,Female,Nurse,2018-06-25,7.381245722108145
40,41,Mary Smith,1966-12-24,Male,Doctor,2020-11-09,5.004791238877481
41,42,Mary Johnson,1966-03-28,Male,Caregiver,2023-02-07,2.759753593429158
42,43,Patricia Johnson,1989-04-09,Male,Administrator,2020-04-23,5.552361396303901
43,44,Mary Brown,1984-07-24,Female,Therapist,2012-07-24,13.300479123887747
44,45,Michael Davis,1963-12-19,Other,Nurse,2013-04-07,12.596851471594798
45,46,Michael Rodriguez,1978-01-19,Other,Caregiver,2019-10-22,6.056125941136208
46,47,Patricia Brown,1983-11-03,Male,Nurse,2020-08-16,5.23750855578371
47,48,Robert Davis,1973-01-29,Other,Caregiver,2022-03-11,3.671457905544148
48,49,Linda Williams,1983-07-16,Other,Administrator,2018-11-17,6.98425735797399
49,50,Robert Wilson,1983-02-11,Female,Nurse,2021-06-17,4.402464065708419
50,51,Patricia Johnson,1955-01-14,Other,Doctor,2014-09-16,11.154004106776181
51,52,William Smith,1951-10-28,Male,Doctor,2020-09-14,5.158110882956879
52,53,Mary Johnson,1989-11-13,Male,Nurse,2016-05-13,9.49760438056126
53,54,Robert Williams,1983-09-30,Female,Administrator,2014-11-08,11.008898015058179
54,55,Linda Williams,1971-09-08,Male,Caregiver,2019-11-18,5.982203969883641
55,56,William Miller,1972-06-25,Female,Doctor,2021-03-08,4.678986995208761
56,57,John Miller,1957-02-16,Female,Nurse,2023-03-08,2.6803559206023273
57,58,Linda Wilson,1964-06-26,Other,Administrator,2017-07-12,8.334017796030116
58,59,John Miller,1978-11-29,Other,Nurse,2020-03-08,5.678302532511978
59,60,Jane Jones,1957-01-22,Male,Doctor,2015-01-23,10.80082135523614
60,61,William Garcia,1957-02-09,Female,Caregiver,2023-06-25,2.3819301848049284
61,62,Robert Brown,1989-10-08,Female,Therapist,2011-05-13,14.499657768651609
62,63,Michael Garcia,1970-07-28,Other,Therapist,2014-11-30,10.948665297741274
63,64,John Rodriguez,1972-07-04,Other,Nurse,2013-06-11,12.41889117043121
64,65,Patricia Jones,1972-10-16,Other,Doctor,2017-07-18,8.317590691307323
65,66,Jane Williams,1987-02-20,Other,Caregiver,2015-05-20,10.480492813141684
66,67,Michael Rodriguez,1972-09-02,Male,Doctor,2018-09-01,7.195071868583162
67,68,Sarah Garcia,1965-09-28,Female,Therapist,2019-07-27,6.294318959616701
68,69,Michael Jones,1956-04-15,Female,Therapist,2016-02-19,9.727583846680355
69,70,Sarah Rodriguez,1968-07-15,Female,Nurse,2022-02-22,3.7180013689253935
70,71,Patricia Miller,1984-07-31,Female,Doctor,2014-01-10,11.835728952772074
71,72,Robert Miller,1957-03-30,Female,Doctor,2011-05-31,14.45037645448323
72,73,James Smith,1979-11-20,Male,Nurse,2011-10-09,14.091718001368925
73,74,John Williams,1972-07-15,Other,Caregiver,2021-10-09,4.090349075975359
74,75,Patricia Smith,1981-06-18,Other,Therapist,2015-05-20,10.480492813141684
75,76,Robert Brown,1962-01-15,Female,Administrator,2012-05-04,13.522245037645447
76,77,James Williams,1985-04-07,Male,Caregiver,2013-02-10,12.750171115674195
77,78,Sarah Jones,1989-08-19,Male,Doctor,2012-06-11,13.418206707734429
78,79,James Davis,1965-03-29,Male,Nurse,2013-01-23,12.799452429842573
79,80,Michael Garcia,1986-10-18,Male,Doctor,2012-05-20,13.478439425051334
80,81,Robert Williams,1955-05-17,Female,Doctor,2022-10-24,3.049965776865161
81,82,Linda Jones,1973-08-08,Female,Doctor,2022-09-06,3.1813826146475015
82,83,William Miller,1979-12-02,Male,Doctor,2013-10-21,12.057494866529774
83,84,Jane Jones,1971-04-15,Other,Nurse,2021-11-13,3.994524298425736
84,85,John Williams,1955-12-01,Male,Administrator,2021-06-09,4.424366872005476
85,86,Mary Brown,1975-01-26,Male,Caregiver,2022-02-16,3.7344284736481863
86,87,Michael Wilson,1967-08-15,Male,Nurse,2016-10-01,9.111567419575634
87,88,Robert Wilson,1983-06-23,Other,Caregiver,2016-11-12,8.996577686516085
88,89,Robert Johnson,1960-06-09,Male,Nurse,2011-03-12,14.669404517453799
89,90,James Smith,1985-04-08,Female,Administrator,2012-03-15,13.659137577002053
90,91,Linda Johnson,1985-04-30,Male,Administrator,2016-09-01,9.193702943189596
91,92,James Smith,1973-01-06,Other,Therapist,2011-04-30,14.535249828884325
92,93,Jane Wilson,1955-12-20,Female,Caregiver,2012-05-03,13.52498288843258
93,94,James Jones,1952-09-05,Female,Caregiver,2017-01-04,8.851471594798083
94,95,James Davis,1964-01-25,Female,Doctor,2022-11-19,2.9787816563997263
95,96,Jane Garcia,1950-02-02,Female,Therapist,2011-02-09,14.754277891854894
96,97,Jane Williams,1971-12-25,Female,Therapist,2017-02-22,8.71731690622861
97,98,Mary Williams,1963-02-18,Male,Caregiver,2011-11-15,13.990417522245037
98,99,John Jones,1971-07-27,Female,Administrator,2022-10-22,3.055441478439425
99,100,John Miller,1965-04-27,Female,Doctor,2018-09-27,7.123887748117728
100,101,Robert Johnson,1953-10-02,Other,Nurse,2013-06-13,12.413415468856947
101,102,Michael Rodriguez,1959-11-19,Male,Administrator,2014-02-18,11.728952772073923
102,103,William Smith,1981-12-16,Other,Administrator,2018-07-14,7.329226557152635
103,104,Mary Johnson,1953-04-23,Male,Nurse,2023-01-10,2.836413415468857
104,105,Linda Davis,1964-09-21,Other,Caregiver,2010-12-15,14.907597535934292
105,106,James Wilson,1986-02-19,Female,Administrator,2020-06-05,5.434633812457221
106,107,John Garcia,1985-11-13,Male,Nurse,2016-03-31,9.61533196440794
107,108,William Johnson,1967-06-25,Other,Nurse,2012-08-06,13.264887063655031
108,109,John Rodriguez,1975-03-06,Other,Therapist,2010-09-28,15.121149897330595
109,110,Sarah Wilson,1961-04-12,Other,Nurse,2014-03-15,11.66050650239562
110,111,John Jones,1955-11-21,Male,Doctor,2018-01-26,7.79192334017796
111,112,Linda Brown,1963-03-29,Female,Doctor,2019-11-19,5.979466119096509
112,113,Jane Davis,1980-04-10,Other,Administrator,2019-07-01,6.365503080082136
113,114,John Jones,1953-07-30,Other,Administrator,2013-01-14,12.824093086926762
114,115,Robert Davis,1981-10-25,Female,Doctor,2017-01-28,8.785763175906913
115,116,Linda Johnson,1985-12-05,Male,Caregiver,2021-10-12,4.082135523613963
116,117,John Garcia,1975-02-09,Female,Doctor,2014-09-06,11.181382614647502
117,118,Mary Williams,1968-03-03,Male,Caregiver,2023-07-29,2.2888432580424367
118,119,John Davis,1988-02-28,Male,Administrator,2012-06-17,13.401779603011637
119,120,John Miller,1974-08-23,Male,Doctor,2022-09-27,3.1238877481177276
120,121,Mary Brown,1956-11-19,Male,Caregiver,2018-11-07,7.011635865845311
121,122,Sarah Johnson,1950-02-06,Male,Caregiver,2011-03-12,14.669404517453799
122,123,Sarah Miller,1970-05-08,Female,Caregiver,2011-09-03,14.190280629705681
123,124,James Smith,1952-08-29,Other,Doctor,2014-10-25,11.047227926078028
124,125,Jane Brown,1962-05-25,Male,Caregiver,2014-03-07,11.682409308692677
125,126,Robert Johnson,1967-07-14,Female,Caregiver,2017-01-10,8.83504449007529
126,127,Linda Wilson,1984-09-24,Female,Doctor,2012-12-13,12.91170431211499
127,128,Mary Jones,1971-09-25,Male,Nurse,2012-06-09,13.423682409308693
128,129,Patricia Davis,1962-12-07,Other,Doctor,2014-11-09,11.006160164271048
129,130,James Garcia,1950-10-06,Female,Nurse,2017-04-25,8.54757015742642
130,131,William Rodriguez,1950-08-09,Male,Nurse,2016-02-06,9.763175906913073
131,132,Linda Jones,1955-03-26,Other,Therapist,2010-01-14,15.824777549623546
132,133,Mary Smith,1976-05-06,Female,Nurse,2010-10-22,15.055441478439425
133,134,Linda Smith,1978-09-24,Female,Nurse,2019-12-02,5.943874058863792
134,135,James Smith,1961-01-14,Other,Nurse,2012-06-10,13.42094455852156
135,136,James Smith,1974-06-03,Male,Doctor,2020-07-07,5.347022587268994
136,137,Robert Smith,1976-08-29,Other,Doctor,2019-10-20,6.061601642710472
137,138,Sarah Davis,1970-04-24,Female,Doctor,2020-09-25,5.127994524298426
138,139,Robert Wilson,1983-08-10,Female,Doctor,2016-01-14,9.826146475017111
139,140,Jane Rodriguez,1956-09-01,Other,Nurse,2020-01-13,5.8288843258042435
140,141,Robert Williams,1950-09-05,Female,Doctor,2011-08-30,14.20123203285421
141,142,James Jones,1954-07-12,Female,Doctor,2018-06-12,7.416837782340862
142,143,Robert Jones,1980-05-02,Male,Caregiver,2016-10-05,9.100616016427105
143,144,Linda Garcia,1971-10-23,Male,Caregiver,2021-02-25,4.7091033538672145
144,145,Jane Williams,1982-06-22,Other,Nurse,2019-01-31,6.778918548939083
145,146,Patricia Smith,1963-06-17,Other,Caregiver,2021-08-30,4.199863107460644
146,147,James Smith,1989-11-02,Female,Administrator,2020-09-22,5.136208076659822
147,148,James Smith,1973-11-07,Male,Administrator,2011-08-31,14.198494182067078
148,149,Robert Brown,1962-08-01,Other,Therapist,2012-12-21,12.889801505817934
149,150,James Garcia,1964-04-13,Other,Nurse,2012-01-01,13.86173853524983
150,151,Michael Brown,1980-03-07,Female,Doctor,2019-06-19,6.398357289527721
151,152,Linda Davis,1958-07-22,Other,Therapist,2015-09-15,10.157426420260096
152,153,Michael Williams,1954-11-06,Other,Administrator,2022-03-13,3.6659822039698837
153,154,Michael Miller,1966-03-25,Male,Nurse,2019-08-16,6.239561943874059
154,155,Linda Jones,1982-07-17,Other,Doctor,2015-10-19,10.064339493497604
155,156,Sarah Wilson,1957-02-22,Male,Administrator,2016-09-07,9.177275838466803
156,157,Michael Miller,1974-12-09,Male,Therapist,2020-11-21,4.971937029431896
157,158,John Miller,1977-05-13,Other,Caregiver,2010-11-26,14.959616700889802
158,159,Robert Rodriguez,1953-10-10,Other,Doctor,2022-05-16,3.490759753593429
159,160,Jane Wilson,1964-05-02,Other,Doctor,2017-06-12,8.41615331964408
160,161,Mary Davis,1980-04-03,Female,Doctor,2019-08-09,6.2587268993839835
161,162,Jane Johnson,1981-07-01,Female,Therapist,2023-07-02,2.3627652292950034
162,163,Linda Smith,1961-03-04,Male,Caregiver,2014-04-26,11.545516769336071
163,164,Mary Miller,1973-09-08,Male,Administrator,2014-09-06,11.181382614647502
164,165,Jane Davis,1954-09-24,Female,Doctor,2014-10-15,11.07460643394935
165,166,William Rodriguez,1972-12-20,Male,Therapist,2011-02-27,14.704996577686517
166,167,Linda Jones,1955-02-16,Female,Caregiver,2017-06-03,8.44079397672827
167,168,Linda Johnson,1986-12-28,Female,Administrator,2019-06-12,6.417522245037645
168,169,Robert Jones,1977-09-02,Male,Caregiver,2016-02-28,9.702943189596168
169,170,Jane Jones,1962-12-17,Female,Nurse,2016-09-22,9.136208076659821
170,171,Jane Miller,1975-07-16,Female,Nurse,2023-04-23,2.5544147843942504
171,172,William Williams,1979-07-12,Other,Administrator,2021-11-28,3.9534565366187544
172,173,Sarah Brown,1979-01-06,Female,Nurse,2012-01-25,13.796030116358658
173,174,Patricia Smith,1951-02-18,Female,Therapist,2023-09-27,2.1245722108145104
174,175,Patricia Wilson,1959-04-15,Other,Nurse,2020-02-04,5.768651608487337
175,176,William Miller,1961-09-19,Other,Administrator,2013-01-15,12.821355236139631
176,177,Robert Williams,1953-03-23,Male,Caregiver,2016-04-29,9.535934291581109
177,178,Michael Johnson,1964-09-30,Female,Nurse,2016-03-01,9.697467488021903
178,179,Sarah Williams,1978-03-13,Female,Therapist,2020-05-01,5.530458590006845
179,180,Jane Wilson,1952-10-18,Other,Doctor,2022-06-21,3.3921971252566734
180,181,Michael Johnson,1969-02-06,Male,Therapist,2018-04-02,7.611225188227242
181,182,Linda Johnson,1964-12-26,Female,Therapist,2013-04-08,12.594113620807667
182,183,Sarah Jones,1970-06-13,Female,Therapist,2021-09-09,4.172484599589322
183,184,Patricia Miller,1950-11-20,Male,Caregiver,2010-10-09,15.091033538672143
184,185,William Miller,1958-05-15,Female,Administrator,2010-07-06,15.351129363449692
185,186,Linda Davis,1976-01-20,Male,Nurse,2017-06-29,8.369609856262834
186,187,Michael Williams,1958-08-30,Male,Administrator,2014-04-17,11.570157426420261
187,188,Sarah Davis,1978-10-13,Other,Administrator,2019-05-04,6.524298425735798
188,189,Robert Jones,1959-04-12,Female,Doctor,2016-04-29,9.535934291581109
189,190,William Wilson,1987-07-30,Male,Administrator,2016-04-28,9.538672142368242
190,191,Michael Wilson,1964-03-11,Other,Caregiver,2013-04-11,12.58590006844627
191,192,Mary Johnson,1950-02-26,Male,Caregiver,2012-12-18,12.898015058179329
192,193,Michael Garcia,1963-07-08,Female,Therapist,2011-01-31,14.778918548939084
193,194,John Garcia,1973-04-12,Male,Nurse,2023-04-08,2.595482546201232
194,195,Linda Garcia,1966-12-14,Male,Therapist,2020-01-10,5.83709787816564
195,196,Patricia Miller,1978-06-30,Female,Doctor,2014-03-09,11.676933607118412
196,197,Patricia Garcia,1986-11-19,Male,Nurse,2018-06-17,7.403148528405202
197,198,Sarah Miller,1970-10-12,Female,Administrator,2020-10-25,5.045859000684462
198,199,Michael Davis,1970-10-22,Other,Administrator,2020-10-07,5.0951403148528405
199,200,Linda Smith,1975-09-05,Male,Administrator,2015-11-22,9.971252566735114
200,201,Patricia Smith,1970-08-28,Male,Doctor,2019-04-12,6.584531143052704
201,202,Michael Johnson,1965-04-19,Female,Therapist,2018-04-12,7.58384668035592
202,203,John Brown,1969-06-09,Male,Nurse,2015-08-31,10.198494182067078
203,204,John Brown,1953-06-18,Male,Therapist,2017-07-05,8.353182751540041
204,205,John Brown,1980-10-21,Male,Administrator,2015-01-03,10.855578370978781
205,206,William Jones,1979-08-25,Female,Caregiver,2020-07-02,5.360711841204655
206,207,William Garcia,1972-05-28,Female,Nurse,2014-08-16,11.238877481177276
207,208,Michael Wilson,1972-07-09,Other,Doctor,2011-06-05,14.43668720054757
208,209,James Smith,1950-07-15,Male,Doctor,2019-10-02,6.11088295687885
209,210,William Jones,1977-06-22,Other,Administrator,2019-11-08,6.009582477754963
210,211,Jane Wilson,1972-06-08,Male,Therapist,2011-09-05,14.184804928131417
211,212,Jane Brown,1962-04-05,Female,Caregiver,2015-03-06,10.685831622176591
212,213,John Smith,1959-05-05,Male,Therapist,2016-08-29,9.201916495550993
213,214,John Williams,1953-07-18,Male,Caregiver,2016-03-11,9.670088980150581
214,215,Sarah Rodriguez,1969-04-06,Female,Therapist,2015-02-06,10.76249144421629
215,216,Mary Rodriguez,1988-05-13,Male,Caregiver,2018-08-10,7.255304585900069
216,217,James Smith,1978-10-04,Other,Administrator,2018-05-16,7.490759753593429
217,218,John Wilson,1979-07-18,Male,Doctor,2021-04-04,4.605065023956194
218,219,Robert Johnson,1957-05-08,Female,Administrator,2021-05-28,4.457221081451061
219,220,William Jones,1953-09-23,Other,Caregiver,2017-09-21,8.139630390143736
220,221,Michael Brown,1973-04-16,Other,Caregiver,2017-08-14,8.243668720054757
221,222,Michael Brown,1975-05-12,Male,Caregiver,2017-09-24,8.131416837782341
222,223,Michael Johnson,1976-07-01,Other,Administrator,2012-06-24,13.382614647501711
223,224,Mary Miller,1985-06-23,Male,Administrator,2015-04-27,10.543463381245722
224,225,Mary Jones,1973-05-09,Other,Caregiver,2014-10-21,11.058179329226558
225,226,Robert Williams,1975-09-01,Other,Caregiver,2019-12-31,5.864476386036961
226,227,Michael Brown,1959-02-28,Female,Therapist,2021-03-27,4.6269678302532515
227,228,Mary Brown,1950-04-08,Female,Caregiver,2019-04-07,6.598220396988364
228,229,Jane Garcia,1953-10-01,Male,Nurse,2018-11-15,6.9897330595482545
229,230,William Miller,1957-03-10,Other,Nurse,2020-11-26,4.958247775496235
230,231,Sarah Williams,1986-09-30,Other,Caregiver,2013-01-06,12.845995893223819
231,232,James Smith,1967-09-10,Male,Nurse,2018-12-16,6.9048596851471595
232,233,William Wilson,1971-02-05,Male,Administrator,2021-07-12,4.334017796030117
233,234,Michael Garcia,1981-11-15,Male,Administrator,2010-12-16,14.904859685147159
234,235,Mary Garcia,1987-09-21,Male,Doctor,2010-04-04,15.605749486652977
235,236,John Rodriguez,1976-05-02,Other,Administrator,2022-02-09,3.753593429158111
236,237,Michael Rodriguez,1966-03-17,Male,Therapist,2013-04-02,12.61054072553046
237,238,Sarah Davis,1976-12-03,Male,Therapist,2010-08-11,15.252566735112936
238,239,Patricia Davis,1989-11-07,Female,Nurse,2017-01-27,8.788501026694044
239,240,John Johnson,1953-07-13,Female,Therapist,2017-04-20,8.56125941136208
240,241,John Jones,1970-07-14,Other,Caregiver,2021-07-14,4.328542094455853
241,242,Jane Smith,1951-10-29,Male,Nurse,2012-04-01,13.612594113620808
242,243,Patricia Johnson,1980-07-14,Male,Administrator,2015-11-19,9.979466119096509
243,244,James Williams,1964-12-13,Male,Administrator,2021-07-30,4.284736481861739
244,245,Linda Jones,1954-11-26,Male,Doctor,2016-02-18,9.730321697467488
245,246,Patricia Jones,1983-06-09,Female,Caregiver,2014-07-29,11.288158795345653
246,247,Patricia Wilson,1957-10-07,Other,Therapist,2012-05-15,13.492128678986996
247,248,James Miller,1976-02-22,Other,Caregiver,2016-01-13,9.828884325804244
248,249,James Johnson,1957-01-22,Female,Caregiver,2015-03-20,10.647501711156742
249,250,Linda Wilson,1952-09-19,Female,Administrator,2022-04-15,3.575633127994524
250,251,Patricia Williams,1970-07-08,Female,Nurse,2022-01-28,3.786447638603696
251,252,John Jones,1964-09-16,Female,Doctor,2022-09-13,3.162217659137577
252,253,Jane Miller,1960-09-28,Male,Caregiver,2011-01-09,14.839151266255989
253,254,Robert Miller,1950-01-17,Female,Nurse,2016-02-22,9.71937029431896
254,255,James Brown,1973-08-22,Other,Caregiver,2016-08-04,9.270362765229295
255,256,Robert Jones,1983-06-27,Other,Caregiver,2012-07-01,13.363449691991786
256,257,Linda Jones,1973-07-17,Male,Nurse,2015-09-13,10.16290212183436
257,258,James Wilson,1956-05-17,Female,Administrator,2015-12-22,9.88911704312115
258,259,Robert Miller,1976-06-03,Female,Caregiver,2019-02-16,6.7351129363449695
259,260,Linda Smith,1952-01-02,Female,Doctor,2015-12-28,9.872689938398358
260,261,John Davis,1971-03-18,Other,Administrator,2014-12-07,10.929500342231348
261,262,Mary Davis,1972-02-26,Female,Caregiver,2011-03-28,14.625598904859686
262,263,John Brown,1979-05-15,Female,Doctor,2021-04-22,4.555783709787817
263,264,Michael Wilson,1965-05-31,Female,Nurse,2018-12-03,6.940451745379876
264,265,Mary Smith,1953-02-04,Male,Therapist,2012-09-13,13.160848733744011
265,266,William Johnson,1985-07-08,Female,Doctor,2015-10-04,10.105407255304586
266,267,William Williams,1952-10-07,Other,Administrator,2014-11-29,10.951403148528405
267,268,Robert Smith,1987-01-29,Female,Caregiver,2014-12-23,10.885694729637235
268,269,Jane Johnson,1964-10-09,Male,Caregiver,2013-04-20,12.56125941136208
269,270,James Wilson,1966-06-05,Female,Therapist,2016-05-18,9.483915126625599
270,271,Linda Brown,1970-06-01,Male,Doctor,2013-10-31,12.030116358658454
271,272,Mary Miller,1984-10-03,Other,Therapist,2010-01-26,15.791923340177961
272,273,Michael Rodriguez,1975-07-05,Other,Doctor,2021-10-24,4.049281314168378
273,274,James Williams,1977-04-18,Other,Administrator,2017-12-13,7.912388774811773
274,275,Patricia Smith,1977-02-24,Male,Caregiver,2010-10-20,15.06091718001369
275,276,Michael Jones,1986-07-23,Other,Therapist,2010-12-25,14.880219028062971
276,277,Linda Davis,1963-03-22,Female,Nurse,2016-11-10,9.00205338809035
277,278,James Smith,1955-03-12,Other,Administrator,2016-12-16,8.903490759753593
278,279,Sarah Davis,1973-10-12,Female,Therapist,2019-08-25,6.2149212867898695
279,280,James Rodriguez,1984-09-02,Male,Administrator,2020-02-05,5.765913757700205
280,281,Sarah Garcia,1958-06-15,Male,Administrator,2013-06-25,12.380561259411362
281,282,Robert Wilson,1961-04-04,Male,Administrator,2016-06-11,9.418206707734429
282,283,John Williams,1985-06-19,Female,Therapist,2017-11-28,7.953456536618754
283,284,Linda Smith,1959-04-12,Other,Doctor,2014-12-04,10.937713894592745
284,285,Linda Johnson,1952-02-18,Other,Caregiver,2010-09-10,15.170431211498974
285,286,Linda Williams,1982-03-21,Other,Therapist,2012-05-25,13.464750171115675
286,287,Jane Wilson,1959-04-30,Other,Administrator,2012-06-29,13.36892539356605
287,288,James Rodriguez,1982-11-04,Male,Therapist,2022-04-27,3.542778918548939
288,289,Linda Brown,1955-01-30,Other,Caregiver,2018-12-03,6.940451745379876
289,290,Sarah Wilson,1983-03-10,Female,Doctor,2023-10-06,2.099931553730322
290,291,Sarah Johnson,1951-02-27,Male,Administrator,2022-09-15,3.156741957563313
291,292,Sarah Wilson,1980-06-20,Male,Nurse,2019-08-14,6.245037645448323
292,293,Linda Davis,1982-02-13,Female,Administrator,2015-11-24,9.96577686516085
293,294,Mary Williams,1953-10-05,Female,Therapist,2022-12-21,2.891170431211499
294,295,Patricia Davis,1969-12-03,Female,Administrator,2013-03-21,12.643394934976044
295,296,Jane Davis,1964-10-01,Female,Caregiver,2021-01-04,4.851471594798084
296,297,Linda Smith,1977-01-26,Female,Doctor,2010-05-22,15.474332648870636
297,298,Robert Garcia,1972-03-15,Male,Nurse,2016-07-20,9.311430527036277
298,299,William Johnson,1965-08-01,Other,Doctor,2010-02-01,15.775496235455167
299,300,Robert Smith,1956-08-13,Male,Nurse,2018-10-20,7.060917180013689
300,301,John Johnson,1968-11-03,Female,Caregiver,2010-09-18,15.148528405201917
301,302,Jane Johnson,1973-08-31,Other,Doctor,2021-12-28,3.871321013004791
302,303,Jane Rodriguez,1950-12-10,Male,Nurse,2016-09-26,9.125256673511293
303,304,James Rodriguez,1976-01-16,Other,Nurse,2022-07-21,3.3100616016427105
304,305,John Davis,1952-06-28,Male,Caregiver,2021-03-05,4.687200547570157
305,306,William Garcia,1975-04-13,Male,Caregiver,2019-12-21,5.891854893908282
306,307,Sarah Brown,1966-08-11,Other,Doctor,2014-04-03,11.60848733744011
307,308,Patricia Miller,1960-06-24,Female,Therapist,2015-07-22,10.30800821355236
308,309,Mary Smith,1973-12-26,Male,Administrator,2016-01-10,9.83709787816564
309,310,Linda Miller,1973-06-09,Male,Administrator,2022-06-29,3.370294318959617
310,311,Robert Brown,1983-08-22,Male,Caregiver,2021-10-29,4.035592060232717
311,312,William Garcia,1984-10-01,Other,Doctor,2015-11-21,9.973990417522245
312,313,Robert Smith,1959-11-27,Male,Doctor,2017-06-21,8.39151266255989
313,314,William Davis,1989-08-04,Other,Nurse,2010-07-19,15.315537303216974
314,315,Robert Wilson,1959-03-26,Male,Therapist,2018-04-29,7.537303216974675
315,316,Robert Johnson,1955-04-10,Female,Doctor,2019-03-12,6.669404517453799
316,317,John Johnson,1954-10-28,Other,Therapist,2013-08-15,12.240930869267626
317,318,James Jones,1960-12-23,Male,Therapist,2014-05-31,11.449691991786448
318,319,Linda Rodriguez,1986-05-08,Male,Caregiver,2018-03-23,7.638603696098563
319,320,Mary Williams,1987-11-25,Female,Administrator,2023-02-02,2.7734428473648185
320,321,James Smith,1954-06-23,Female,Administrator,2014-11-24,10.965092402464066
321,322,Robert Rodriguez,1979-03-04,Other,Doctor,2012-06-22,13.388090349075975
322,323,Michael Brown,1973-06-18,Other,Therapist,2011-10-04,14.105407255304586
323,324,Linda Davis,1976-04-30,Female,Therapist,2013-10-04,12.10403832991102
324,325,John Brown,1973-01-07,Other,Administrator,2017-05-07,8.514715947980836
325,326,William Miller,1979-10-03,Male,Nurse,2013-05-28,12.457221081451062
326,327,Jane Smith,1971-07-01,Male,Therapist,2023-06-21,2.3928815879534566
327,328,Sarah Davis,1985-08-29,Other,Doctor,2021-08-28,4.205338809034908
328,329,Sarah Garcia,1965-04-18,Female,Caregiver,2014-06-12,11.416837782340862
329,330,John Smith,1984-05-25,Male,Administrator,2014-10-31,11.030800821355236
330,331,Michael Williams,1973-07-15,Female,Administrator,2020-11-06,5.0130047912388775
331,332,Mary Brown,1969-05-11,Male,Therapist,2013-12-10,11.92060232717317
332,333,William Davis,1950-04-14,Female,Nurse,2014-01-04,11.852156057494867
333,334,Michael Smith,1964-12-28,Female,Therapist,2014-04-09,11.592060232717317
334,335,Mary Brown,1988-07-07,Other,Caregiver,2019-12-08,5.927446954141
335,336,Robert Jones,1975-09-18,Other,Caregiver,2017-07-09,8.342231348391513
336,337,Robert Smith,1972-02-07,Other,Caregiver,2016-02-09,9.754962354551678
337,338,Jane Garcia,1966-08-15,Other,Doctor,2021-05-22,4.473648186173854
338,339,Jane Davis,1953-11-08,Male,Doctor,2020-07-01,5.363449691991787
339,340,Jane Brown,1963-10-22,Other,Nurse,2018-12-13,6.913073237508556
340,341,William Brown,1959-04-10,Other,Therapist,2010-03-23,15.638603696098563
341,342,John Williams,1951-12-14,Male,Administrator,2021-03-18,4.65160848733744
342,343,James Davis,1955-10-27,Other,Administrator,2018-06-18,7.40041067761807
343,344,Sarah Garcia,1953-01-13,Female,Therapist,2010-02-11,15.748117727583846
344,345,William Jones,1958-12-17,Other,Therapist,2022-08-14,3.24435318275154
345,346,Michael Johnson,1969-03-19,Other,Doctor,2012-11-10,13.00205338809035
346,347,Jane Garcia,1986-02-28,Female,Doctor,2021-11-06,4.01368925393566
347,348,Linda Jones,1961-01-27,Male,Doctor,2016-05-11,9.503080082135524
348,349,Michael Brown,1971-05-13,Other,Doctor,2017-08-24,8.216290212183436
349,350,Michael Miller,1971-11-05,Female,Caregiver,2011-02-02,14.77344284736482
350,351,James Smith,1960-05-21,Male,Doctor,2012-05-12,13.500342231348391
351,352,John Miller,1955-08-12,Male,Nurse,2012-06-29,13.36892539356605
352,353,James Smith,1966-10-28,Male,Doctor,2010-12-14,14.910335386721425
353,354,John Rodriguez,1968-04-02,Female,Nurse,2015-10-03,10.108145106091717
354,355,Michael Johnson,1978-01-15,Male,Caregiver,2010-07-12,15.3347022587269
355,356,Linda Garcia,1971-08-04,Male,Doctor,2011-08-25,14.21492128678987
356,357,Jane Wilson,1988-08-09,Other,Administrator,2012-06-25,13.379876796714578
357,358,Patricia Davis,1978-09-30,Male,Caregiver,2012-06-17,13.401779603011637
358,359,Mary Williams,1953-01-25,Other,Caregiver,2015-10-04,10.105407255304586
359,360,Jane Garcia,1957-06-16,Female,Therapist,2011-09-14,14.160164271047227
360,361,Linda Miller,1986-06-04,Male,Administrator,2015-06-12,10.417522245037645
361,362,James Smith,1966-10-01,Male,Therapist,2022-07-30,3.2854209445585214
362,363,Linda Rodriguez,1950-05-21,Male,Nurse,2013-06-22,12.388774811772759
363,364,William Wilson,1953-08-20,Male,Administrator,2013-03-20,12.646132785763175
364,365,Robert Wilson,1966-04-12,Other,Caregiver,2015-01-11,10.833675564681725
365,366,Mary Johnson,1950-11-24,Female,Doctor,2015-08-11,10.25325119780972
366,367,William Davis,1951-06-24,Female,Administrator,2011-04-10,14.590006844626968
367,368,Patricia Jones,1984-07-22,Female,Nurse,2021-10-11,4.084873374401095
368,369,Patricia Johnson,1964-06-01,Other,Nurse,2017-08-18,8.232717316906228
369,370,Robert Smith,1971-12-17,Other,Doctor,2022-12-28,2.8720054757015743
370,371,Linda Wilson,1985-09-18,Female,Therapist,2017-04-21,8.558521560574949
371,372,Mary Smith,1987-12-10,Other,Doctor,2012-07-28,13.289527720739219
372,373,Michael Rodriguez,1977-05-19,Female,Doctor,2023-05-12,2.5023956194387407
373,374,Mary Williams,1983-03-06,Other,Nurse,2013-05-04,12.522929500342231
374,375,Robert Smith,1976-07-16,Other,Nurse,2013-01-28,12.785763175906913
375,376,Robert Rodriguez,1955-02-27,Male,Caregiver,2019-04-21,6.5598904859685145
376,377,Linda Davis,1954-12-21,Female,Nurse,2017-03-06,8.684462696783026
377,378,James Williams,1986-01-06,Other,Administrator,2018-08-19,7.230663928815879
378,379,Sarah Davis,1954-06-01,Male,Caregiver,2015-09-19,10.146475017111568
379,380,Jane Jones,1987-02-06,Other,Therapist,2018-11-05,7.017111567419575
380,381,John Jones,1956-03-20,Male,Doctor,2022-08-21,3.2251882272416155
381,382,Linda Davis,1977-11-10,Female,Caregiver,2012-11-25,12.960985626283367
382,383,Patricia Jones,1987-05-03,Female,Nurse,2011-10-24,14.050650239561945
383,384,William Johnson,1952-02-10,Other,Doctor,2013-06-28,12.372347707049967
384,385,Sarah Williams,1956-05-17,Other,Therapist,2021-10-04,4.1040383299110195
385,386,William Brown,1979-03-19,Female,Administrator,2018-12-05,6.934976043805612
386,387,John Johnson,1971-04-10,Female,Therapist,2011-06-20,14.395619438740589
387,388,John Jones,1966-09-01,Other,Nurse,2010-06-09,15.425051334702259
388,389,Jane Davis,1950-04-13,Female,Therapist,2011-01-11,14.833675564681725
389,390,Linda Wilson,1973-02-06,Other,Nurse,2011-10-08,14.094455852156058
390,391,Robert Davis,1954-04-23,Other,Administrator,2020-10-09,5.089664613278576
391,392,Robert Williams,1979-08-06,Other,Caregiver,2021-02-11,4.747433264887063
392,393,Patricia Jones,1975-06-29,Female,Nurse,2017-08-16,8.238193018480493
393,394,James Johnson,1953-12-23,Female,Doctor,2021-04-21,4.558521560574949
394,395,Sarah Jones,1984-03-01,Other,Therapist,2023-03-02,2.6967830253251197
395,396,William Williams,1960-10-16,Female,Doctor,2023-06-15,2.409308692676249
396,397,William Smith,1951-04-24,Female,Doctor,2021-07-08,4.344969199178645
397,398,Linda Davis,1968-08-06,Female,Doctor,2013-06-14,12.410677618069816
398,399,Michael Wilson,1984-11-22,Female,Caregiver,2014-11-06,11.014373716632443
399,400,Linda Jones,1959-07-20,Female,Caregiver,2018-02-07,7.759069130732375
400,401,Sarah Brown,1987-04-06,Other,Administrator,2012-03-24,13.634496919917865
401,402,Patricia Smith,1968-06-12,Other,Administrator,2016-08-20,9.22655715263518
402,403,Michael Johnson,1976-01-20,Female,Caregiver,2016-09-07,9.177275838466803
403,404,Linda Wilson,1954-04-04,Other,Nurse,2022-02-08,3.756331279945243
404,405,Michael Jones,1952-09-20,Male,Doctor,2012-02-17,13.73305954825462
405,406,Jane Rodriguez,1958-11-25,Other,Administrator,2020-04-02,5.6098562628336754
406,407,Linda Jones,1988-12-24,Female,Therapist,2017-04-19,8.563997262149213
407,408,Linda Rodriguez,1987-12-23,Male,Administrator,2014-04-03,11.60848733744011
408,409,Robert Brown,1979-06-19,Male,Nurse,2014-02-23,11.715263518138261
409,410,Patricia Davis,1967-10-04,Female,Doctor,2016-04-01,9.612594113620808
410,411,John Smith,1956-12-11,Female,Therapist,2020-07-01,5.363449691991787
411,412,Mary Brown,1985-04-04,Female,Therapist,2017-01-27,8.788501026694044
412,413,John Johnson,1980-08-01,Male,Nurse,2015-08-13,10.247775496235455
413,414,Sarah Miller,1951-09-15,Other,Therapist,2016-05-06,9.516769336071183
414,415,William Johnson,1974-06-21,Female,Administrator,2023-02-23,2.7159479808350446
415,416,Sarah Davis,1971-04-29,Male,Therapist,2014-04-22,11.5564681724846
416,417,Michael Brown,1976-09-16,Other,Doctor,2014-12-06,10.932238193018481
417,418,Michael Johnson,1970-03-01,Other,Administrator,2023-05-24,2.4695414099931554
418,419,Michael Miller,1951-12-12,Other,Nurse,2019-12-02,5.943874058863792
419,420,Patricia Rodriguez,1957-03-11,Female,Doctor,2020-11-12,4.996577686516085
420,421,John Rodriguez,1971-06-16,Other,Nurse,2015-02-21,10.72142368240931
421,422,Mary Smith,1964-06-11,Female,Therapist,2010-10-03,15.107460643394935
422,423,Mary Rodriguez,1962-03-06,Other,Doctor,2023-09-08,2.1765913757700206
423,424,John Brown,1965-07-06,Male,Therapist,2012-06-27,13.374401095140314
424,425,James Garcia,1966-04-23,Male,Nurse,2013-04-02,12.61054072553046
425,426,Michael Williams,1974-11-29,Male,Caregiver,2016-10-20,9.059548254620124
426,427,Patricia Wilson,1982-03-25,Male,Nurse,2011-10-05,14.102669404517453
427,428,James Williams,1956-08-05,Male,Nurse,2013-04-30,12.53388090349076
428,429,Robert Williams,1961-03-25,Female,Nurse,2010-09-07,15.178644763860369
429,430,James Garcia,1972-10-12,Other,Therapist,2010-02-21,15.720739219712526
430,431,John Johnson,1953-04-19,Female,Administrator,2023-04-30,2.535249828884326
431,432,John Johnson,1959-04-12,Male,Administrator,2012-01-17,13.817932922655714
432,433,William Jones,1955-06-07,Male,Doctor,2013-12-28,11.871321013004792
433,434,Jane Jones,1984-09-22,Other,Nurse,2023-08-02,2.2778918548939084
434,435,William Williams,1984-09-22,Other,Caregiver,2014-06-26,11.378507871321013
435,436,Jane Johnson,1975-03-31,Male,Caregiver,2021-05-01,4.531143052703627
436,437,James Miller,1988-08-18,Female,Doctor,2021-06-09,4.424366872005476
437,438,Jane Garcia,1951-05-04,Female,Nurse,2020-08-01,5.278576317590692
438,439,Michael Brown,1984-07-13,Other,Nurse,2021-02-09,4.7529089664613275
439,440,Sarah Smith,1984-01-02,Female,Doctor,2023-03-06,2.6858316221765914
440,441,James Davis,1972-08-13,Male,Administrator,2015-08-11,10.25325119780972
441,442,John Garcia,1978-02-11,Male,Therapist,2019-08-13,6.247775496235455
442,443,William Johnson,1986-09-29,Other,Caregiver,2016-02-10,9.752224503764545
443,444,John Garcia,1956-12-07,Male,Therapist,2011-05-14,14.496919917864476
444,445,Linda Wilson,1965-02-22,Other,Therapist,2011-09-11,14.168377823408624
445,446,John Miller,1967-09-03,Female,Therapist,2020-07-08,5.344284736481861
446,447,Robert Smith,1989-12-18,Female,Nurse,2021-02-16,4.733744010951403
447,448,Michael Johnson,1978-11-19,Other,Nurse,2015-02-21,10.72142368240931
448,449,Robert Miller,1956-08-24,Other,Nurse,2017-06-06,8.432580424366872
449,450,Sarah Smith,1956-07-08,Male,Nurse,2010-08-16,15.238877481177276
450,451,John Smith,1951-07-21,Male,Administrator,2013-06-01,12.446269678302533
451,452,Robert Rodriguez,1980-10-03,Male,Caregiver,2020-01-01,5.861738535249829
452,453,Michael Jones,1984-06-27,Other,Caregiver,2023-01-30,2.7816563997262147
453,454,William Wilson,1962-06-09,Male,Caregiver,2016-07-19,9.314168377823409
454,455,Linda Rodriguez,1973-05-12,Male,Therapist,2012-04-08,13.593429158110883
455,456,Robert Davis,1964-02-29,Female,Doctor,2013-06-29,12.369609856262834
456,457,Linda Garcia,1960-06-25,Male,Nurse,2018-04-07,7.597535934291581
457,458,Jane Miller,1970-12-19,Male,Nurse,2010-08-05,15.268993839835728
458,459,Robert Rodriguez,1974-05-30,Female,Doctor,2022-06-03,3.4414784394250515
459,460,James Brown,1982-01-15,Male,Doctor,2010-09-03,15.189596167008897
460,461,James Jones,1967-02-13,Male,Administrator,2014-12-23,10.885694729637235
461,462,Sarah Miller,1986-01-25,Female,Administrator,2013-04-25,12.54757015742642
462,463,Mary Jones,1974-05-16,Female,Caregiver,2010-04-05,15.603011635865846
463,464,Michael Wilson,1953-07-09,Female,Therapist,2011-07-16,14.324435318275153
464,465,Sarah Wilson,1956-08-03,Male,Administrator,2019-02-18,6.729637234770705
465,466,John Williams,1977-10-02,Other,Therapist,2023-11-04,2.020533880903491
466,467,Sarah Garcia,1977-10-03,Other,Therapist,2023-03-19,2.650239561943874
467,468,Patricia Garcia,1972-07-28,Female,Nurse,2015-11-23,9.96851471594798
468,469,Michael Davis,1980-11-09,Male,Administrator,2014-07-20,11.312799452429843
469,470,William Williams,1964-09-10,Female,Therapist,2021-02-06,4.761122518822724
470,471,Robert Rodriguez,1985-06-02,Female,Doctor,2019-08-12,6.250513347022587
471,472,Linda Smith,1955-04-28,Other,Administrator,2013-05-27,12.459958932238193
472,473,Michael Garcia,1989-04-14,Other,Therapist,2016-03-25,9.631759069130732
473,474,Michael Wilson,1989-04-04,Female,Nurse,2016-01-14,9.826146475017111
474,475,Jane Garcia,1984-09-06,Female,Nurse,2017-02-25,8.709103353867214
475,476,Mary Brown,1976-05-24,Male,Doctor,2015-10-22,10.056125941136209
476,477,Robert Johnson,1979-09-03,Female,Caregiver,2023-02-10,2.751540041067762
477,478,Linda Wilson,1952-05-12,Other,Doctor,2010-11-29,14.951403148528405
478,479,William Garcia,1981-02-14,Male,Nurse,2014-03-21,11.644079397672828
479,480,Robert Jones,1953-07-17,Other,Therapist,2010-05-28,15.457905544147843
480,481,John Davis,1962-11-16,Other,Caregiver,2020-04-15,5.574264202600959
481,482,Michael Brown,1985-08-21,Other,Therapist,2015-05-20,10.480492813141684
482,483,James Brown,1957-05-29,Other,Nurse,2022-10-19,3.0636550308008212
483,484,John Jones,1975-10-12,Female,Caregiver,2017-09-08,8.175222450376454
484,485,John Miller,1979-11-26,Other,Nurse,2020-01-10,5.83709787816564
485,486,Patricia Wilson,1959-03-04,Male,Doctor,2016-05-07,9.514031485284052
486,487,Linda Davis,1953-01-19,Other,Caregiver,2022-12-14,2.9103353867214237
487,488,Robert Smith,1966-02-08,Male,Caregiver,2014-12-21,10.8911704312115
488,489,John Smith,1983-06-23,Other,Therapist,2017-04-22,8.555783709787816
489,490,Sarah Johnson,1988-09-02,Male,Administrator,2010-08-08,15.260780287474333
490,491,Mary Brown,1975-08-05,Female,Therapist,2022-01-19,3.811088295687885
491,492,John Johnson,1958-12-15,Male,Nurse,2014-06-08,11.427789185489392
492,493,John Rodriguez,1973-05-20,Male,Nurse,2019-03-07,6.683093771389459
493,494,Linda Davis,1980-01-11,Male,Caregiver,2014-07-18,11.318275154004107
494,495,Patricia Jones,1958-11-03,Female,Therapist,2016-09-08,9.174537987679672
495,496,Robert Miller,1968-07-23,Other,Therapist,2018-11-06,7.014373716632443
496,497,Sarah Smith,1965-09-20,Male,Nurse,2015-07-02,10.362765229295004
497,498,Patricia Jones,1956-05-11,Female,Nurse,2022-08-05,3.268993839835729
498,499,John Miller,1981-06-23,Male,Nurse,2021-11-07,4.010951403148528
499,500,James Johnson,1966-11-27,Male,Nurse,2012-01-23,13.801505817932922
500,501,Patricia Smith,1952-04-21,Male,Therapist,2018-02-08,7.756331279945243
501,502,Mary Davis,1975-09-17,Other,Caregiver,2011-08-12,14.250513347022586
502,503,Sarah Garcia,1974-07-25,Other,Caregiver,2021-07-07,4.347707049965777
503,504,Sarah Jones,1986-11-04,Female,Administrator,2013-10-25,12.046543463381246
504,505,James Johnson,1987-06-22,Male,Caregiver,2018-11-17,6.98425735797399
505,506,Michael Rodriguez,1952-03-26,Female,Caregiver,2010-08-20,15.227926078028748
506,507,Michael Brown,1951-06-26,Male,Doctor,2018-10-05,7.101984941820671
507,508,Robert Smith,1951-08-07,Male,Caregiver,2014-10-12,11.082819986310746
508,509,Sarah Johnson,1985-03-07,Other,Doctor,2022-03-07,3.682409308692676
509,510,John Rodriguez,1980-12-15,Female,Administrator,2015-04-20,10.562628336755647
510,511,Linda Smith,1970-03-25,Male,Doctor,2011-05-20,14.480492813141684
511,512,William Johnson,1954-12-07,Male,Doctor,2021-10-13,4.079397672826831
512,513,Patricia Davis,1988-10-11,Male,Caregiver,2023-01-05,2.8501026694045173
513,514,Jane Brown,1961-09-22,Other,Therapist,2021-08-20,4.227241615331964
514,515,William Johnson,1979-11-25,Female,Caregiver,2018-04-17,7.57015742642026
515,516,John Davis,1976-05-23,Female,Nurse,2015-04-09,10.5927446954141
516,517,James Brown,1987-10-03,Other,Therapist,2010-08-26,15.211498973305956
517,518,James Williams,1989-03-24,Male,Doctor,2014-09-30,11.11567419575633
518,519,Jane Davis,1979-03-02,Male,Caregiver,2014-01-24,11.797399041752225
519,520,Patricia Smith,1959-05-21,Other,Nurse,2014-04-05,11.603011635865846
520,521,James Johnson,1967-05-18,Male,Administrator,2018-08-20,7.227926078028747
521,522,Patricia Wilson,1954-09-13,Other,Nurse,2011-05-03,14.52703627652293
522,523,James Williams,1955-11-22,Female,Administrator,2022-08-08,3.260780287474333
523,524,John Rodriguez,1988-04-24,Other,Doctor,2017-01-20,8.80766598220397
524,525,Jane Jones,1988-08-04,Other,Caregiver,2016-04-05,9.60164271047228
525,526,Linda Johnson,1972-01-21,Other,Nurse,2010-11-29,14.951403148528405
526,527,Michael Williams,1951-11-22,Other,Caregiver,2016-07-18,9.316906228610542
527,528,Mary Rodriguez,1981-05-12,Male,Administrator,2013-02-11,12.747433264887064
528,529,Michael Jones,1970-01-05,Other,Nurse,2023-02-07,2.759753593429158
529,530,Mary Rodriguez,1968-09-23,Other,Administrator,2010-01-08,15.841204654346338
530,531,Linda Smith,1973-04-20,Male,Doctor,2015-09-01,10.195756331279945
531,532,James Miller,1974-03-10,Other,Nurse,2017-06-28,8.372347707049967
532,533,Michael Garcia,1966-02-23,Other,Caregiver,2015-02-02,10.77344284736482
533,534,Michael Miller,1961-04-18,Other,Doctor,2015-12-22,9.88911704312115
534,535,William Johnson,1952-06-12,Male,Doctor,2018-07-21,7.310061601642711
535,536,Robert Jones,1971-09-02,Female,Therapist,2019-12-21,5.891854893908282
536,537,Jane Miller,1952-11-06,Male,Therapist,2010-04-25,15.548254620123203
537,538,Mary Brown,1985-11-04,Male,Nurse,2017-09-03,8.188911704312115
538,539,Patricia Brown,1982-06-05,Female,Nurse,2019-03-17,6.655715263518139
539,540,James Williams,1962-04-03,Male,Doctor,2017-06-27,8.375085557837098
540,541,Linda Wilson,1958-02-26,Male,Therapist,2015-04-01,10.614647501711156
541,542,Mary Williams,1966-07-31,Female,Administrator,2015-10-27,10.042436687200547
542,543,Mary Johnson,1967-06-28,Other,Nurse,2013-06-11,12.41889117043121
543,544,Patricia Johnson,1974-04-02,Female,Therapist,2021-04-02,4.610540725530458
544,545,Jane Johnson,1985-08-02,Male,Nurse,2019-06-27,6.376454483230664
545,546,Mary Miller,1972-09-06,Other,Caregiver,2014-04-06,11.600273785078713
546,547,Robert Smith,1950-07-05,Female,Nurse,2016-09-11,9.166324435318275
547,548,Jane Garcia,1967-08-11,Other,Caregiver,2015-10-20,10.061601642710473
548,549,James Smith,1955-12-22,Other,Administrator,2012-08-21,13.22381930184805
549,550,Sarah Jones,1956-11-07,Other,Therapist,2015-11-29,9.952087611225188
550,551,Michael Wilson,1976-12-28,Male,Therapist,2020-04-23,5.552361396303901
551,552,John Brown,1975-05-18,Other,Doctor,2015-03-06,10.685831622176591
552,553,Jane Brown,1969-08-09,Other,Caregiver,2019-12-28,5.8726899383983575
553,554,Mary Rodriguez,1964-10-23,Female,Nurse,2018-12-21,6.891170431211499
554,555,Jane Jones,1978-09-08,Other,Administrator,2015-12-17,9.902806297056811
555,556,Sarah Wilson,1973-06-03,Female,Caregiver,2022-09-29,3.1184120465434635
556,557,Mary Johnson,1957-03-11,Other,Administrator,2022-01-13,3.8275154004106775
557,558,Mary Wilson,1961-12-23,Other,Therapist,2018-05-31,7.449691991786447
558,559,James Smith,1989-05-02,Other,Therapist,2016-07-15,9.325119780971937
559,560,Michael Rodriguez,1950-10-19,Male,Caregiver,2021-10-14,4.076659822039699
560,561,Mary Johnson,1970-02-09,Other,Caregiver,2016-06-25,9.379876796714578
561,562,William Garcia,1960-02-17,Other,Nurse,2022-06-11,3.4195756331279945
562,563,John Wilson,1960-02-11,Other,Caregiver,2020-11-19,4.97741273100616
563,564,William Brown,1965-08-31,Male,Doctor,2015-06-07,10.431211498973306
564,565,James Garcia,1984-03-19,Other,Administrator,2019-04-05,6.6036960985626285
565,566,Patricia Johnson,1975-07-06,Other,Administrator,2013-08-29,12.202600958247775
566,567,James Miller,1958-06-14,Female,Nurse,2014-01-16,11.819301848049282
567,568,Sarah Brown,1983-11-17,Male,Therapist,2015-11-10,10.004106776180699
568,569,Robert Johnson,1971-05-04,Female,Therapist,2023-02-05,2.7652292950034223
569,570,Michael Williams,1974-07-31,Other,Nurse,2017-01-02,8.856947296372347
570,571,John Wilson,1988-12-01,Other,Therapist,2021-08-26,4.210814510609172
571,572,Jane Williams,1972-10-13,Male,Nurse,2015-10-07,10.097193702943189
572,573,Sarah Johnson,1985-05-11,Other,Caregiver,2020-06-13,5.412731006160164
573,574,Jane Smith,1955-02-14,Male,Doctor,2022-04-13,3.5811088295687883
574,575,Jane Wilson,1955-06-01,Other,Administrator,2011-09-13,14.16290212183436
575,576,Patricia Rodriguez,1956-08-17,Other,Doctor,2021-08-24,4.216290212183436
576,577,Robert Davis,1982-04-05,Other,Administrator,2014-07-06,11.351129363449692
577,578,Robert Brown,1987-12-19,Other,Nurse,2022-10-07,3.0965092402464065
578,579,James Williams,1957-02-28,Other,Therapist,2017-09-19,8.145106091718
579,580,Linda Johnson,1961-08-27,Other,Caregiver,2018-07-22,7.307323750855578
580,581,John Brown,1954-09-08,Female,Caregiver,2022-10-31,3.030800821355236
581,582,Sarah Smith,1952-07-31,Female,Nurse,2013-10-16,12.071184120465434
582,583,Jane Jones,1959-11-05,Other,Doctor,2011-07-01,14.365503080082135
583,584,John Williams,1972-04-26,Other,Caregiver,2016-11-13,8.993839835728952
584,585,Patricia Wilson,1972-10-01,Male,Administrator,2019-03-04,6.691307323750856
585,586,Michael Williams,1978-10-12,Female,Doctor,2014-07-19,11.315537303216974
586,587,William Brown,1970-04-26,Other,Nurse,2023-04-01,2.614647501711157
587,588,Mary Davis,1973-02-07,Other,Administrator,2021-12-11,3.917864476386037
588,589,Michael Brown,1959-10-25,Other,Administrator,2013-12-06,11.931553730321697
589,590,Sarah Davis,1976-12-11,Female,Therapist,2015-06-20,10.395619438740589
590,591,William Rodriguez,1953-11-09,Other,Nurse,2021-12-13,3.912388774811773
591,592,William Jones,1968-04-17,Other,Nurse,2014-12-22,10.888432580424366
592,593,Patricia Garcia,1964-01-18,Male,Nurse,2010-06-19,15.397672826830938
593,594,Linda Williams,1953-06-23,Other,Caregiver,2023-02-11,2.74880219028063
594,595,Jane Williams,1952-11-03,Female,Nurse,2011-07-01,14.365503080082135
595,596,Linda Jones,1988-01-08,Other,Doctor,2012-04-16,13.571526351813826
596,597,James Miller,1962-03-08,Female,Nurse,2018-10-11,7.085557837097878
597,598,Sarah Miller,1985-02-28,Female,Doctor,2019-08-02,6.277891854893908
598,599,Michael Miller,1953-09-18,Other,Doctor,2022-06-28,3.373032169746749
599,600,William Rodriguez,1974-12-22,Male,Therapist,2015-09-21,10.140999315537304
600,601,Sarah Johnson,1955-03-06,Female,Nurse,2014-11-04,11.019849418206707
601,602,William Williams,1951-09-04,Other,Administrator,2016-11-16,8.985626283367557
602,603,Robert Jones,1983-08-02,Other,Nurse,2013-02-18,12.728268309377139
603,604,Jane Garcia,1981-02-25,Other,Administrator,2013-03-28,12.624229979466119
604,605,Robert Wilson,1959-10-09,Other,Doctor,2016-01-14,9.826146475017111
605,606,Patricia Jones,1966-03-23,Female,Doctor,2020-10-25,5.045859000684462
606,607,Jane Williams,1974-03-01,Female,Caregiver,2017-05-19,8.48186173853525
607,608,Mary Wilson,1989-01-16,Male,Caregiver,2019-06-27,6.376454483230664
608,609,Mary Smith,1961-03-08,Female,Administrator,2012-07-05,13.352498288843258
609,610,John Smith,1964-03-09,Male,Administrator,2022-01-03,3.8548939082819986
610,611,James Johnson,1955-05-18,Other,Therapist,2022-05-20,3.479808350444901
611,612,Michael Garcia,1961-08-01,Female,Administrator,2018-02-15,7.737166324435318
612,613,William Brown,1983-02-18,Other,Administrator,2019-10-03,6.108145106091718
613,614,Robert Miller,1982-05-30,Male,Caregiver,2014-07-09,11.342915811088295
614,615,Sarah Smith,1977-09-09,Male,Therapist,2010-11-17,14.984257357973991
615,616,James Davis,1951-02-04,Male,Caregiver,2010-01-25,15.794661190965092
616,617,Jane Miller,1978-10-23,Female,Nurse,2011-04-03,14.609171800136892
617,618,James Williams,1951-11-04,Female,Doctor,2017-09-01,8.19438740588638
618,619,Linda Williams,1960-09-22,Other,Therapist,2015-09-29,10.119096509240247
619,620,William Garcia,1973-06-08,Other,Administrator,2022-04-18,3.567419575633128
620,621,Michael Brown,1972-09-05,Male,Nurse,2017-10-20,8.060232717316905
621,622,Jane Garcia,1967-09-06,Female,Doctor,2022-02-08,3.756331279945243
622,623,William Garcia,1983-07-25,Other,Therapist,2011-04-10,14.590006844626968
623,624,Sarah Williams,1961-03-30,Female,Caregiver,2010-11-29,14.951403148528405
624,625,Jane Smith,1972-03-05,Male,Administrator,2017-07-07,8.347707049965777
625,626,Patricia Wilson,1957-01-25,Other,Caregiver,2016-09-27,9.122518822724162
626,627,Linda Wilson,1957-09-18,Male,Administrator,2012-10-13,13.078713210130047
627,628,William Jones,1989-01-17,Male,Doctor,2012-08-08,13.259411362080767
628,629,Michael Miller,1962-03-17,Male,Nurse,2017-03-21,8.643394934976044
629,630,Patricia Brown,1951-02-11,Other,Doctor,2010-06-02,15.444216290212184
630,631,James Rodriguez,1962-03-30,Male,Caregiver,2021-01-03,4.854209445585216
631,632,John Davis,1985-08-30,Male,Administrator,2023-10-24,2.0506502395619437
632,633,William Wilson,1967-10-24,Other,Doctor,2022-09-26,3.1266255989048597
633,634,Michael Garcia,1965-08-18,Female,Therapist,2020-07-14,5.327857631759069
634,635,Jane Rodriguez,1975-08-27,Female,Administrator,2018-12-02,6.9431895961670085
635,636,Robert Jones,1961-05-18,Other,Administrator,2019-09-09,6.1738535249828885
636,637,Jane Miller,1952-12-22,Other,Therapist,2016-07-30,9.284052019164955
637,638,William Williams,1963-05-29,Female,Therapist,2012-10-24,13.048596851471595
638,639,Patricia Williams,1977-06-18,Other,Nurse,2019-12-16,5.905544147843942
639,640,John Jones,1953-10-01,Other,Therapist,2023-10-15,2.0752908966461328
640,641,Mary Garcia,1970-01-02,Female,Nurse,2011-03-03,14.694045174537989
641,642,Robert Johnson,1960-01-02,Male,Doctor,2020-04-22,5.555099247091033
642,643,Patricia Garcia,1951-08-27,Female,Therapist,2015-12-01,9.946611909650924
643,644,Michael Brown,1966-10-05,Male,Therapist,2013-08-03,12.27378507871321
644,645,Robert Wilson,1987-01-05,Other,Nurse,2010-03-07,15.682409308692677
645,646,Linda Jones,1968-08-19,Male,Doctor,2015-04-12,10.584531143052704
646,647,Sarah Johnson,1970-01-26,Male,Doctor,2013-01-28,12.785763175906913
647,648,Sarah Miller,1986-12-07,Female,Nurse,2019-08-08,6.261464750171116
648,649,Robert Smith,1961-10-27,Female,Therapist,2014-12-21,10.8911704312115
649,650,William Johnson,1973-03-12,Female,Nurse,2018-04-04,7.605749486652978
650,651,Sarah Brown,1979-01-16,Other,Doctor,2021-12-24,3.8822724161533197
651,652,Mary Williams,1979-05-24,Female,Administrator,2014-02-15,11.737166324435318
652,653,Patricia Jones,1950-11-02,Male,Caregiver,2023-10-29,2.0369609856262834
653,654,William Jones,1974-07-17,Other,Administrator,2011-11-19,13.979466119096509
654,655,Jane Garcia,1989-06-24,Female,Therapist,2016-12-26,8.876112251882272
655,656,William Smith,1960-08-29,Male,Doctor,2010-10-29,15.0362765229295
656,657,Jane Davis,1966-06-01,Male,Nurse,2020-11-11,4.999315537303217
657,658,Mary Rodriguez,1978-06-21,Male,Nurse,2016-08-06,9.264887063655031
658,659,William Brown,1978-07-04,Male,Doctor,2023-03-28,2.625598904859685
659,660,Mary Williams,1984-07-19,Male,Doctor,2014-06-05,11.436002737850787
660,661,James Garcia,1986-07-20,Female,Caregiver,2018-10-06,7.099247091033539
661,662,Sarah Garcia,1983-03-25,Other,Doctor,2013-11-29,11.950718685831623
662,663,Mary Jones,1968-03-13,Male,Administrator,2023-08-04,2.272416153319644
663,664,Michael Johnson,1989-10-01,Other,Administrator,2016-01-21,9.806981519507186
664,665,Linda Smith,1964-09-24,Other,Nurse,2023-01-02,2.858316221765914
665,666,Sarah Davis,1981-11-13,Male,Nurse,2010-09-18,15.148528405201917
666,667,Robert Miller,1985-08-01,Other,Caregiver,2010-08-30,15.200547570157427
667,668,John Garcia,1959-03-20,Male,Caregiver,2013-12-25,11.879534565366187
668,669,Linda Johnson,1953-07-12,Other,Nurse,2012-05-03,13.52498288843258
669,670,Jane Williams,1980-11-29,Other,Administrator,2014-10-06,11.099247091033538
670,671,Patricia Johnson,1977-11-30,Other,Nurse,2012-12-12,12.914442162902121
671,672,Sarah Wilson,1966-03-17,Female,Doctor,2018-07-18,7.318275154004107
672,673,Patricia Johnson,1954-04-22,Female,Caregiver,2013-03-30,12.618754277891854
673,674,Robert Rodriguez,1968-06-16,Other,Administrator,2016-06-09,9.423682409308693
674,675,Jane Jones,1982-09-08,Other,Caregiver,2018-06-28,7.3730321697467485
675,676,Jane Jones,1955-05-21,Male,Nurse,2013-05-25,12.465434633812457
676,677,John Johnson,1975-07-04,Male,Therapist,2015-03-22,10.642026009582478
677,678,Michael Johnson,1981-05-15,Female,Administrator,2011-08-29,14.203969883641342
678,679,James Miller,1975-11-14,Female,Administrator,2015-05-25,10.466803559206022
679,680,Mary Jones,1981-03-03,Male,Therapist,2023-04-14,2.5790554414784395
680,681,Patricia Rodriguez,1972-06-18,Female,Doctor,2018-06-29,7.370294318959616
681,682,Patricia Wilson,1950-05-23,Other,Doctor,2015-02-10,10.751540041067761
682,683,Mary Brown,1969-12-13,Female,Therapist,2015-07-14,10.329911019849419
683,684,Jane Rodriguez,1964-04-06,Other,Administrator,2013-09-03,12.188911704312115
684,685,Sarah Brown,1965-01-24,Female,Therapist,2011-07-24,14.302532511978097
685,686,William Miller,1977-12-02,Other,Nurse,2017-10-18,8.06570841889117
686,687,William Garcia,1968-05-24,Female,Therapist,2018-02-13,7.742642026009582
687,688,William Jones,1982-11-29,Female,Caregiver,2020-08-23,5.218343600273785
688,689,Michael Williams,1956-05-28,Other,Administrator,2010-12-09,14.924024640657084
689,690,Mary Johnson,1982-12-25,Other,Caregiver,2015-09-26,10.127310061601642
690,691,Michael Rodriguez,1989-02-16,Other,Nurse,2016-08-20,9.22655715263518
691,692,Michael Johnson,1975-07-06,Male,Nurse,2011-02-02,14.77344284736482
692,693,Jane Williams,1981-05-31,Other,Doctor,2021-03-10,4.673511293634497
693,694,Michael Davis,1987-07-09,Female,Doctor,2012-11-26,12.958247775496236
694,695,Michael Williams,1979-06-06,Male,Doctor,2017-11-02,8.02464065708419
695,696,John Jones,1964-07-06,Other,Caregiver,2021-08-12,4.249144421629021
696,697,John Jones,1954-10-27,Male,Therapist,2012-09-05,13.182751540041068
697,698,William Garcia,1953-06-20,Male,Doctor,2019-09-08,6.176591375770021
698,699,Patricia Miller,1969-10-15,Female,Doctor,2016-09-17,9.149897330595483
699,700,Robert Smith,1962-09-22,Female,Nurse,2022-09-03,3.189596167008898
700,701,Jane Garcia,1987-05-06,Male,Administrator,2018-11-06,7.014373716632443
701,702,Mary Rodriguez,1957-08-23,Other,Caregiver,2019-03-09,6.677618069815195
702,703,James Davis,1965-04-30,Male,Administrator,2018-07-08,7.345653661875428
703,704,John Garcia,1972-11-27,Male,Administrator,2014-10-28,11.039014373716633
704,705,Linda Williams,1987-11-28,Female,Nurse,2011-08-02,14.277891854893909
705,706,James Davis,1951-12-23,Female,Nurse,2019-11-15,5.990417522245037
706,707,Michael Williams,1956-05-22,Male,Doctor,2013-07-20,12.31211498973306
707,708,Robert Rodriguez,1968-01-25,Other,Therapist,2012-05-09,13.508555783709788
708,709,Jane Smith,1977-09-17,Other,Doctor,2017-07-27,8.292950034223136
709,710,Robert Johnson,1968-05-06,Male,Caregiver,2020-01-04,5.853524982888432
710,711,Mary Brown,1985-05-06,Other,Nurse,2023-04-06,2.6009582477754964
711,712,Sarah Jones,1961-12-11,Male,Doctor,2014-08-08,11.260780287474333
712,713,Mary Johnson,1952-10-12,Other,Therapist,2015-02-14,10.740588637919233
713,714,John Rodriguez,1985-12-10,Male,Caregiver,2021-05-31,4.4490075290896645
714,715,Linda Garcia,1970-07-17,Other,Therapist,2017-07-18,8.317590691307323
715,716,Patricia Rodriguez,1972-10-14,Male,Administrator,2011-12-27,13.875427789185489
716,717,Robert Davis,1988-02-11,Other,Nurse,2010-04-26,15.545516769336071
717,718,Sarah Miller,1966-11-20,Female,Therapist,2010-11-21,14.973305954825461
718,719,Patricia Williams,1955-03-13,Male,Caregiver,2022-12-12,2.915811088295688
719,720,John Williams,1982-07-14,Male,Doctor,2019-03-09,6.677618069815195
720,721,William Garcia,1953-03-01,Female,Administrator,2012-03-20,13.645448323066393
721,722,Michael Garcia,1957-12-03,Male,Doctor,2010-01-29,15.783709787816564
722,723,William Johnson,1979-09-28,Male,Administrator,2022-07-05,3.353867214236824
723,724,James Johnson,1950-12-17,Male,Nurse,2013-02-25,12.709103353867214
724,725,Jane Rodriguez,1969-04-04,Female,Administrator,2023-03-03,2.6940451745379876
725,726,Michael Rodriguez,1969-02-16,Male,Administrator,2021-08-17,4.2354551676933605
726,727,John Jones,1985-03-26,Male,Caregiver,2010-11-17,14.984257357973991
727,728,Mary Rodriguez,1959-04-17,Other,Caregiver,2021-02-13,4.741957563312799
728,729,Sarah Smith,1959-09-09,Male,Nurse,2019-02-08,6.757015742642026
729,730,Jane Jones,1980-11-25,Female,Therapist,2018-08-15,7.241615331964408
730,731,Mary Brown,1966-08-04,Female,Doctor,2014-03-02,11.696098562628336
731,732,Jane Garcia,1957-04-25,Female,Therapist,2019-07-09,6.3436002737850785
732,733,Robert Rodriguez,1952-01-25,Male,Therapist,2019-10-14,6.078028747433265
733,734,John Garcia,1953-06-01,Female,Caregiver,2018-03-30,7.619438740588638
734,735,Mary Johnson,1970-04-02,Other,Nurse,2013-02-14,12.739219712525667
735,736,Sarah Miller,1988-04-22,Other,Nurse,2016-08-29,9.201916495550993
736,737,Sarah Miller,1964-03-19,Female,Caregiver,2017-10-05,8.101300479123887
737,738,Patricia Williams,1981-10-20,Female,Doctor,2010-05-29,15.455167693360712
738,739,Patricia Smith,1953-12-29,Other,Doctor,2011-12-13,13.91375770020534
739,740,William Smith,1984-12-09,Male,Administrator,2016-01-13,9.828884325804244
740,741,Robert Johnson,1975-01-13,Female,Doctor,2011-09-04,14.18754277891855
741,742,Jane Garcia,1974-09-11,Other,Administrator,2010-03-27,15.627652292950033
742,743,Linda Williams,1956-07-22,Male,Caregiver,2018-10-17,7.069130732375085
743,744,William Johnson,1972-02-13,Female,Therapist,2017-11-03,8.021902806297057
744,745,Jane Johnson,1973-09-25,Other,Administrator,2019-06-12,6.417522245037645
745,746,James Wilson,1964-09-14,Male,Doctor,2017-02-06,8.761122518822724
746,747,Mary Brown,1986-01-21,Female,Nurse,2014-01-23,11.800136892539356
747,748,Mary Wilson,1989-08-14,Male,Therapist,2017-03-26,8.629705681040383
748,749,Patricia Jones,1954-01-22,Female,Administrator,2018-09-02,7.19233401779603
749,750,Mary Johnson,1986-09-28,Female,Caregiver,2018-06-29,7.370294318959616
750,751,John Smith,1971-01-12,Female,Administrator,2012-05-10,13.505817932922655
751,752,William Rodriguez,1972-11-16,Other,Therapist,2013-03-05,12.687200547570157
752,753,William Smith,1953-08-13,Male,Administrator,2014-08-28,11.206023271731691
753,754,John Johnson,1971-01-03,Male,Nurse,2015-07-29,10.288843258042437
754,755,Jane Garcia,1952-06-14,Female,Therapist,2010-11-21,14.973305954825461
755,756,William Miller,1963-03-28,Male,Nurse,2015-05-13,10.499657768651609
756,757,Jane Davis,1963-06-15,Male,Therapist,2012-07-06,13.349760438056126
757,758,Mary Jones,1950-01-30,Other,Nurse,2013-08-04,12.271047227926077
758,759,James Jones,1968-12-03,Other,Therapist,2020-04-21,5.557837097878165
759,760,John Miller,1962-10-08,Male,Doctor,2015-02-19,10.726899383983573
760,761,John Rodriguez,1988-09-09,Female,Doctor,2010-11-14,14.992470910335387
761,762,Robert Smith,1952-11-03,Female,Therapist,2015-10-01,10.113620807665983
762,763,William Davis,1988-04-01,Other,Administrator,2018-06-03,7.441478439425051
763,764,John Johnson,1982-10-11,Other,Therapist,2019-12-21,5.891854893908282
764,765,Jane Wilson,1961-06-01,Male,Therapist,2022-10-08,3.0937713894592744
765,766,Jane Miller,1951-12-23,Other,Caregiver,2010-08-21,15.225188227241615
766,767,Michael Garcia,1969-01-16,Other,Doctor,2023-03-23,2.639288158795346
767,768,Linda Brown,1967-02-17,Male,Administrator,2018-03-20,7.646817248459959
768,769,Linda Williams,1953-01-01,Other,Doctor,2019-08-15,6.242299794661191
769,770,Patricia Johnson,1951-10-30,Female,Doctor,2010-08-20,15.227926078028748
770,771,Robert Brown,1960-04-19,Male,Caregiver,2018-03-13,7.665982203969883
771,772,Patricia Smith,1983-06-06,Female,Nurse,2022-03-03,3.693360711841205
772,773,William Davis,1963-10-20,Female,Doctor,2019-01-23,6.80082135523614
773,774,Linda Wilson,1958-08-26,Male,Nurse,2020-04-24,5.549623545516769
774,775,Jane Rodriguez,1983-03-16,Female,Therapist,2017-09-30,8.114989733059549
775,776,Linda Smith,1959-06-10,Male,Therapist,2015-03-16,10.65845311430527
776,777,James Williams,1955-03-17,Female,Therapist,2014-11-04,11.019849418206707
777,778,Michael Garcia,1985-01-30,Other,Therapist,2010-03-14,15.663244353182751
778,779,John Davis,1953-02-19,Male,Nurse,2019-08-01,6.28062970568104
779,780,Robert Brown,1955-07-23,Other,Caregiver,2018-02-04,7.767282683093772
780,781,Robert Johnson,1972-09-19,Other,Nurse,2012-04-06,13.598904859685147
781,782,Patricia Rodriguez,1963-07-15,Other,Caregiver,2012-03-27,13.626283367556468
782,783,Jane Miller,1985-10-11,Male,Doctor,2023-08-24,2.217659137577002
783,784,Sarah Williams,1960-09-29,Female,Nurse,2016-03-23,9.637234770704996
784,785,Michael Wilson,1968-03-16,Other,Administrator,2012-12-04,12.936344969199178
785,786,James Davis,1959-08-23,Male,Nurse,2021-04-16,4.572210814510609
786,787,William Wilson,1955-05-13,Other,Administrator,2011-04-14,14.57905544147844
787,788,Jane Williams,1962-08-14,Other,Nurse,2019-04-26,6.546201232032854
788,789,Linda Jones,1979-05-21,Male,Caregiver,2022-10-31,3.030800821355236
789,790,Mary Wilson,1963-12-14,Male,Therapist,2018-08-05,7.268993839835729
790,791,Mary Johnson,1958-07-30,Other,Caregiver,2018-11-14,6.992470910335387
791,792,James Smith,1950-03-08,Female,Administrator,2017-07-21,8.309377138945928
792,793,James Garcia,1968-07-11,Other,Doctor,2017-02-28,8.700889801505818
793,794,James Rodriguez,1962-11-13,Male,Caregiver,2016-02-09,9.754962354551678
794,795,James Williams,1985-05-13,Other,Caregiver,2020-03-31,5.61533196440794
795,796,William Brown,1977-06-05,Other,Therapist,2015-01-15,10.822724161533197
796,797,Mary Garcia,1979-10-27,Female,Administrator,2012-06-11,13.418206707734429
797,798,Mary Smith,1959-01-31,Female,Nurse,2017-09-16,8.153319644079398
798,799,James Davis,1977-02-02,Other,Therapist,2021-03-03,4.692676249144422
799,800,Patricia Brown,1974-07-23,Female,Caregiver,2017-12-30,7.865845311430527
800,801,John Brown,1972-05-08,Male,Administrator,2016-07-28,9.289527720739219
801,802,Patricia Wilson,1952-08-13,Male,Therapist,2022-03-05,3.6878850102669403
802,803,Sarah Miller,1965-05-05,Other,Caregiver,2011-06-06,14.433949349760438
803,804,Mary Rodriguez,1983-09-12,Other,Nurse,2019-10-07,6.09719370294319
804,805,Jane Davis,1951-07-07,Female,Administrator,2014-04-07,11.597535934291582
805,806,Patricia Smith,1960-09-25,Male,Therapist,2016-09-21,9.138945927446954
806,807,Mary Wilson,1977-07-04,Male,Doctor,2021-02-10,4.7501711156741955
807,808,John Miller,1953-01-26,Female,Nurse,2018-02-16,7.734428473648186
808,809,Linda Jones,1965-01-14,Other,Caregiver,2019-11-13,5.9958932238193015
809,810,Robert Miller,1965-04-24,Other,Administrator,2021-10-27,4.041067761806982
810,811,William Johnson,1968-02-09,Other,Caregiver,2023-06-24,2.3846680355920604
811,812,Robert Miller,1967-06-01,Other,Doctor,2011-01-29,14.784394250513348
812,813,Linda Smith,1985-03-14,Other,Administrator,2015-12-24,9.883641341546886
813,814,Michael Garcia,1959-06-25,Other,Therapist,2012-12-06,12.930869267624914
814,815,Sarah Miller,1985-06-05,Male,Caregiver,2010-11-12,14.99794661190965
815,816,James Williams,1969-04-01,Other,Nurse,2020-03-17,5.653661875427789
816,817,Jane Smith,1985-07-08,Female,Nurse,2023-04-25,2.5489390828199863
817,818,Jane Jones,1981-10-30,Female,Caregiver,2011-11-05,14.017796030116358
818,819,Patricia Davis,1973-08-04,Female,Therapist,2022-11-19,2.9787816563997263
819,820,Michael Smith,1964-12-06,Male,Administrator,2023-01-23,2.8008213552361396
820,821,Sarah Brown,1976-08-06,Female,Caregiver,2014-07-14,11.329226557152635
821,822,Robert Davis,1981-05-07,Male,Doctor,2010-04-27,15.542778918548938
822,823,Michael Williams,1967-04-26,Female,Doctor,2023-04-18,2.568104038329911
823,824,Patricia Williams,1955-11-12,Female,Doctor,2022-06-07,3.430527036276523
824,825,James Brown,1957-07-23,Male,Therapist,2019-11-11,6.0013689253935665
825,826,Michael Jones,1989-05-29,Male,Administrator,2014-08-01,11.279945242984258
826,827,Jane Garcia,1989-11-15,Female,Therapist,2022-07-03,3.359342915811088
827,828,Mary Davis,1984-08-12,Other,Doctor,2015-01-30,10.781656399726215
828,829,Linda Jones,1952-06-24,Male,Nurse,2010-10-21,15.058179329226558
829,830,Robert Johnson,1986-06-13,Male,Administrator,2013-06-30,12.366872005475702
830,831,Linda Smith,1965-07-04,Female,Therapist,2013-07-16,12.323066392881588
831,832,James Davis,1977-10-25,Other,Administrator,2022-02-21,3.7207392197125255
832,833,James Jones,1969-11-26,Female,Nurse,2021-09-28,4.120465434633813
833,834,Michael Johnson,1967-03-29,Female,Administrator,2010-10-28,15.039014373716633
834,835,John Miller,1979-04-19,Male,Nurse,2010-09-05,15.184120465434633
835,836,John Williams,1964-01-11,Female,Nurse,2019-04-03,6.609171800136893
836,837,Linda Smith,1986-01-30,Other,Doctor,2016-05-20,9.478439425051334
837,838,Linda Smith,1964-10-31,Female,Doctor,2022-07-25,3.299110198494182
838,839,John Williams,1981-09-17,Male,Administrator,2018-04-16,7.572895277207392
839,840,Sarah Johnson,1958-03-12,Male,Administrator,2013-06-07,12.429842573579739
840,841,William Davis,1973-02-06,Male,Nurse,2017-08-18,8.232717316906228
841,842,Robert Garcia,1962-01-19,Male,Administrator,2013-02-09,12.752908966461328
842,843,James Rodriguez,1956-07-05,Other,Caregiver,2014-04-03,11.60848733744011
843,844,William Rodriguez,1958-09-29,Male,Nurse,2023-02-25,2.7104722792607805
844,845,Mary Garcia,1972-05-24,Female,Therapist,2013-04-02,12.61054072553046
845,846,Linda Garcia,1979-06-23,Female,Administrator,2012-07-04,13.35523613963039
846,847,Jane Davis,1971-01-01,Male,Therapist,2019-09-04,6.187542778918549
847,848,Mary Williams,1954-01-17,Other,Administrator,2023-04-03,2.6091718001368926
848,849,Michael Brown,1985-05-21,Male,Doctor,2017-08-21,8.224503764544833
849,850,John Davis,1955-04-19,Other,Nurse,2016-01-01,9.86173853524983
850,851,Jane Garcia,1976-08-22,Male,Administrator,2019-12-24,5.883641341546886
851,852,James Davis,1973-05-03,Other,Caregiver,2021-09-29,4.117727583846681
852,853,Jane Garcia,1977-04-06,Male,Doctor,2022-06-15,3.4086242299794662
853,854,William Williams,1980-09-14,Other,Caregiver,2015-10-25,10.047912388774812
854,855,Robert Miller,1987-02-05,Female,Administrator,2018-04-09,7.592060232717317
855,856,James Rodriguez,1953-09-04,Female,Therapist,2018-04-12,7.58384668035592
856,857,Linda Wilson,1973-02-06,Female,Therapist,2019-04-12,6.584531143052704
857,858,John Miller,1977-10-11,Female,Nurse,2017-05-14,8.49555099247091
858,859,Patricia Davis,1950-05-16,Female,Nurse,2016-06-29,9.36892539356605
859,860,Linda Miller,1984-11-19,Male,Administrator,2020-05-10,5.505817932922656
860,861,James Davis,1980-11-01,Male,Therapist,2019-11-17,5.984941820670773
861,862,Michael Smith,1967-01-27,Male,Caregiver,2013-10-11,12.084873374401095
862,863,Patricia Jones,1979-08-04,Female,Doctor,2016-01-15,9.82340862422998
863,864,Jane Wilson,1984-09-22,Other,Caregiver,2017-02-22,8.71731690622861
864,865,Michael Davis,1986-09-29,Female,Therapist,2011-03-23,14.639288158795345
865,866,James Williams,1969-10-16,Male,Caregiver,2019-12-08,5.927446954141
866,867,Linda Smith,1961-05-24,Female,Therapist,2021-12-12,3.915126625598905
867,868,Mary Brown,1975-06-06,Female,Therapist,2012-02-20,13.724845995893224
868,869,Robert Johnson,1957-10-13,Male,Nurse,2011-07-21,14.310746064339494
869,870,Linda Jones,1979-06-09,Male,Administrator,2021-11-09,4.005475701574264
870,871,Jane Miller,1969-06-20,Female,Caregiver,2010-01-04,15.852156057494867
871,872,Michael Rodriguez,1978-08-31,Male,Doctor,2014-02-02,11.772758384668036
872,873,Linda Brown,1962-02-02,Male,Administrator,2018-08-12,7.2498288843258045
873,874,Patricia Wilson,1980-10-08,Female,Administrator,2021-12-11,3.917864476386037
874,875,Michael Williams,1972-07-13,Male,Doctor,2020-08-31,5.196440793976728
875,876,Jane Johnson,1953-04-05,Female,Doctor,2015-12-22,9.88911704312115
876,877,James Rodriguez,1956-07-06,Female,Administrator,2017-08-02,8.276522929500342
877,878,Jane Jones,1954-11-29,Other,Caregiver,2021-06-14,4.4106776180698155
878,879,Sarah Garcia,1973-11-16,Other,Administrator,2012-08-21,13.22381930184805
879,880,Robert Williams,1959-05-21,Other,Caregiver,2013-06-04,12.438056125941136
880,881,Mary Williams,1970-03-11,Other,Nurse,2021-04-07,4.596851471594798
881,882,Robert Miller,1951-08-07,Other,Administrator,2021-07-14,4.328542094455853
882,883,James Brown,1963-09-15,Male,Doctor,2013-12-08,11.926078028747433
883,884,Robert Williams,1987-08-30,Other,Doctor,2018-11-09,7.006160164271047
884,885,John Brown,1960-07-07,Male,Administrator,2020-10-06,5.0978781656399725
885,886,Jane Johnson,1973-01-25,Male,Doctor,2013-05-30,12.451745379876797
886,887,Michael Johnson,1959-12-29,Female,Caregiver,2017-05-24,8.46817248459959
887,888,William Rodriguez,1965-02-22,Female,Caregiver,2017-10-09,8.09034907597536
888,889,Jane Smith,1978-11-11,Female,Therapist,2012-04-14,13.57700205338809
889,890,Jane Wilson,1970-11-21,Female,Nurse,2013-03-06,12.684462696783026
890,891,William Smith,1959-03-15,Female,Therapist,2022-01-05,3.8494182067077345
891,892,Michael Rodriguez,1989-07-23,Other,Caregiver,2013-02-26,12.706365503080082
892,893,Robert Rodriguez,1960-05-14,Male,Administrator,2018-10-29,7.036276522929501
893,894,Jane Wilson,1959-01-02,Male,Caregiver,2016-01-19,9.81245722108145
894,895,William Garcia,1977-02-17,Female,Therapist,2016-10-15,9.073237508555783
895,896,Linda Smith,1975-10-07,Male,Administrator,2023-02-16,2.735112936344969
896,897,Michael Rodriguez,1986-09-22,Other,Nurse,2013-12-26,11.876796714579056
897,898,Jane Miller,1969-05-13,Female,Caregiver,2019-05-28,6.458590006844627
898,899,John Johnson,1950-06-16,Other,Administrator,2013-12-28,11.871321013004792
899,900,Mary Williams,1984-09-06,Female,Administrator,2020-12-10,4.919917864476386
900,901,Mary Davis,1950-05-07,Other,Doctor,2017-01-27,8.788501026694044
901,902,Sarah Johnson,1977-07-16,Male,Caregiver,2020-02-27,5.705681040383299
902,903,Sarah Johnson,1971-02-27,Male,Administrator,2021-02-18,4.728268309377139
903,904,Jane Johnson,1972-06-29,Female,Administrator,2023-06-09,2.425735797399042
904,905,John Smith,1984-02-11,Female,Caregiver,2015-08-13,10.247775496235455
905,906,Patricia Wilson,1973-02-05,Female,Caregiver,2019-12-01,5.946611909650924
906,907,William Miller,1986-06-16,Male,Doctor,2010-06-13,15.41409993155373
907,908,Robert Jones,1974-09-04,Female,Administrator,2021-02-13,4.741957563312799
908,909,Linda Garcia,1980-06-13,Male,Doctor,2016-08-24,9.215605749486652
909,910,John Williams,1965-07-27,Male,Therapist,2015-06-30,10.368240930869268
910,911,Mary Smith,1980-02-02,Male,Caregiver,2017-06-30,8.366872005475702
911,912,Jane Davis,1968-04-05,Female,Doctor,2023-10-26,2.0451745379876796
912,913,William Brown,1968-06-18,Other,Administrator,2013-05-09,12.509240246406572
913,914,John Brown,1962-06-10,Male,Therapist,2019-06-24,6.38466803559206
914,915,James Wilson,1972-07-06,Other,Administrator,2017-10-09,8.09034907597536
915,916,Robert Garcia,1958-01-19,Male,Nurse,2011-06-10,14.42299794661191
916,917,James Williams,1979-08-06,Other,Nurse,2016-09-27,9.122518822724162
917,918,Patricia Brown,1955-11-28,Male,Nurse,2022-04-10,3.589322381930185
918,919,Mary Miller,1966-04-11,Male,Therapist,2023-03-30,2.620123203285421
919,920,Linda Garcia,1986-07-11,Female,Therapist,2010-11-15,14.989733059548255
920,921,Jane Smith,1981-12-02,Other,Doctor,2018-04-26,7.545516769336071
921,922,Mary Rodriguez,1971-07-20,Female,Caregiver,2011-04-21,14.559890485968515
922,923,James Smith,1952-06-10,Other,Nurse,2019-03-18,6.652977412731006
923,924,Sarah Williams,1980-11-02,Other,Administrator,2015-09-26,10.127310061601642
924,925,Linda Johnson,1975-12-03,Female,Therapist,2010-10-06,15.099247091033538
925,926,William Williams,1965-01-16,Female,Administrator,2014-08-19,11.23066392881588
926,927,Mary Garcia,1973-03-14,Female,Caregiver,2017-01-02,8.856947296372347
927,928,Robert Brown,1970-10-11,Other,Therapist,2023-10-31,2.0314852840520192
928,929,Mary Smith,1986-08-21,Male,Doctor,2011-05-20,14.480492813141684
929,930,William Johnson,1988-07-31,Female,Caregiver,2020-07-24,5.300479123887748
930,931,William Garcia,1951-09-16,Female,Caregiver,2019-09-19,6.146475017111568
931,932,Robert Jones,1984-09-15,Other,Caregiver,2018-08-30,7.200547570157426
932,933,Linda Smith,1970-03-04,Other,Administrator,2019-11-11,6.0013689253935665
933,934,Jane Rodriguez,1977-09-28,Male,Nurse,2013-02-08,12.75564681724846
934,935,William Rodriguez,1957-04-27,Female,Administrator,2012-02-04,13.768651608487337
935,936,Sarah Smith,1989-10-21,Female,Nurse,2013-06-07,12.429842573579739
936,937,Patricia Wilson,1973-02-23,Male,Administrator,2021-04-16,4.572210814510609
937,938,Linda Brown,1968-01-07,Female,Therapist,2020-10-27,5.040383299110198
938,939,Sarah Brown,1977-02-19,Other,Administrator,2014-06-30,11.367556468172484
939,940,Patricia Rodriguez,1966-09-04,Male,Administrator,2010-10-10,15.08829568788501
940,941,Michael Miller,1957-10-24,Male,Nurse,2018-12-06,6.93223819301848
941,942,Jane Rodriguez,1969-11-10,Other,Caregiver,2016-09-11,9.166324435318275
942,943,James Williams,1951-04-21,Female,Doctor,2021-07-22,4.306639288158795
943,944,James Garcia,1951-04-06,Other,Caregiver,2013-05-08,12.511978097193703
944,945,Robert Davis,1963-09-14,Other,Administrator,2012-10-09,13.089664613278575
945,946,James Miller,1987-07-29,Female,Administrator,2012-02-05,13.765913757700206
946,947,John Williams,1984-12-31,Female,Nurse,2022-08-02,3.277207392197125
947,948,Sarah Brown,1984-09-09,Male,Administrator,2010-02-20,15.723477070499658
948,949,John Williams,1954-12-13,Male,Doctor,2015-03-24,10.636550308008214
949,950,James Williams,1965-11-06,Female,Therapist,2015-02-15,10.737850787132102
950,951,Michael Smith,1967-01-28,Male,Doctor,2018-07-10,7.340177960301164
951,952,Linda Miller,1973-09-09,Male,Nurse,2011-04-21,14.559890485968515
952,953,William Jones,1953-03-20,Male,Doctor,2016-02-01,9.776865160848734
953,954,Patricia Garcia,1983-07-27,Male,Administrator,2015-03-25,10.633812457221081
954,955,Mary Smith,1951-07-24,Male,Therapist,2021-04-25,4.547570157426421
955,956,Patricia Wilson,1961-03-29,Male,Therapist,2023-08-27,2.209445585215606
956,957,Jane Davis,1972-06-29,Male,Therapist,2012-09-01,13.193702943189596
957,958,Jane Wilson,1986-08-26,Female,Doctor,2010-05-29,15.455167693360712
958,959,Linda Jones,1952-10-05,Other,Administrator,2017-07-08,8.344969199178644
959,960,James Johnson,1979-09-20,Female,Nurse,2011-05-29,14.455852156057494
960,961,Jane Wilson,1958-10-29,Male,Caregiver,2013-11-13,11.994524298425736
961,962,Patricia Johnson,1963-01-20,Other,Doctor,2022-09-13,3.162217659137577
962,963,Sarah Rodriguez,1964-06-24,Other,Doctor,2019-07-12,6.335386721423682
963,964,Patricia Davis,1963-07-24,Male,Caregiver,2012-05-23,13.470225872689939
964,965,William Brown,1978-02-21,Female,Nurse,2019-04-10,6.590006844626968
965,966,Michael Rodriguez,1960-12-08,Female,Caregiver,2019-07-06,6.351813826146475
966,967,Michael Jones,1970-03-11,Female,Doctor,2012-09-13,13.160848733744011
967,968,Michael Johnson,1989-04-13,Male,Caregiver,2010-06-18,15.40041067761807
968,969,Mary Brown,1967-12-14,Female,Caregiver,2019-03-07,6.683093771389459
969,970,Sarah Brown,1978-02-05,Female,Therapist,2017-10-16,8.071184120465434
970,971,James Rodriguez,1978-06-01,Other,Doctor,2022-03-20,3.646817248459959
971,972,John Rodriguez,1969-09-19,Male,Caregiver,2013-08-16,12.238193018480493
972,973,Michael Williams,1985-04-12,Male,Caregiver,2010-01-25,15.794661190965092
973,974,Patricia Williams,1983-01-17,Male,Therapist,2010-06-29,15.370294318959617
974,975,William Smith,1989-09-06,Other,Doctor,2012-09-07,13.177275838466803
975,976,Linda Wilson,1973-07-02,Other,Doctor,2018-08-24,7.216974674880219
976,977,Patricia Wilson,1976-06-14,Female,Therapist,2015-06-15,10.40930869267625
977,978,Patricia Smith,1956-12-14,Other,Administrator,2018-03-14,7.663244353182751
978,979,John Rodriguez,1973-03-26,Other,Caregiver,2015-04-06,10.600958247775496
979,980,James Davis,1964-03-12,Other,Administrator,2012-01-21,13.806981519507186
980,981,James Johnson,1978-10-04,Other,Therapist,2023-09-13,2.16290212183436
981,982,Patricia Johnson,1984-09-23,Female,Therapist,2020-08-24,5.215605749486653
982,983,John Wilson,1972-07-01,Other,Doctor,2010-02-08,15.756331279945243
983,984,John Davis,1979-10-23,Female,Therapist,2016-08-30,9.19917864476386
984,985,Robert Smith,1958-11-25,Other,Nurse,2012-04-22,13.555099247091034
985,986,Robert Garcia,1954-10-30,Other,Caregiver,2012-10-08,13.092402464065708
986,987,John Johnson,1974-05-05,Other,Caregiver,2020-06-18,5.3990417522245036
987,988,James Davis,1973-05-16,Other,Caregiver,2015-05-17,10.48870636550308
988,989,William Jones,1989-01-20,Female,Doctor,2015-10-06,10.099931553730322
989,990,William Wilson,1980-09-10,Female,Therapist,2021-03-09,4.676249144421629
990,991,Linda Williams,1954-12-06,Male,Caregiver,2014-05-05,11.520876112251882
991,992,Linda Williams,1973-05-09,Female,Nurse,2012-09-28,13.119780971937029
992,993,John Rodriguez,1982-08-13,Male,Therapist,2019-04-07,6.598220396988364
993,994,Robert Smith,1963-05-08,Other,Doctor,2012-08-25,13.212867898699521
994,995,William Brown,1982-10-26,Female,Doctor,2019-02-21,6.721423682409308
995,996,Michael Garcia,1959-06-15,Male,Nurse,2016-05-01,9.530458590006845
996,997,John Garcia,1980-01-20,Other,Administrator,2018-04-25,7.5482546201232035
997,998,John Jones,1982-03-19,Female,Doctor,2023-06-11,2.4202600958247777
998,999,Patricia Wilson,1985-05-21,Male,Therapist,2014-03-18,11.652292950034223
999,1000,Patricia Wilson,1967-07-16,Female,Nurse,2014-03-18,11.652292950034223
