StaffID,Name,Date of Birth,Gender,Job Title,Employment Date
1,한다은,1990-01-13,Female,물리치료사,2010-06-27
2,조재훈,1978-07-20,Male,요양사,2021-10-04
3,신은정,1991-03-25,Male,사회복지사,2016-11-10
4,안하은,1973-10-27,Male,물리치료사,2010-09-26
5,김민지,1976-11-29,Male,간병사,2022-05-28
6,장영준,1990-03-03,Male,간병사,2015-03-26
7,장은정,2002-02-27,Male,요양사,2020-03-19
8,장영준,1967-12-19,Female,관리자,2010-03-23
9,양은정,1976-11-02,Male,물리치료사,2021-07-06
10,신재훈,1974-10-22,Male,간호사,2017-09-04
11,장상희,1988-05-01,Female,요양사,2018-05-07
12,조준영,1992-12-17,Female,사회복지사,2017-12-21
13,장재훈,1997-07-07,Male,물리치료사,2012-12-18
14,서태호,1993-11-11,Female,간호사,2013-04-06
15,서아름,2010-10-19,Male,보조원,2013-02-14
16,한지현,2001-05-29,Male,보조원,2021-03-21
17,신재훈,1985-07-05,Female,물리치료사,2012-03-28
18,김지현,1973-07-21,Female,영양사,2018-06-09
19,장아름,1968-08-08,Female,물리치료사,2017-05-03
20,임하은,1973-12-16,Male,물리치료사,2014-04-11
21,장세인,1988-11-15,Male,관리자,2013-02-15
22,이은정,2000-04-04,Female,간호사,2017-09-21
23,최하은,1969-02-27,Female,보조원,2017-12-08
24,윤재훈,1997-09-05,Female,사회복지사,2015-08-20
25,이재훈,1966-03-31,Female,물리치료사,2022-05-11
26,장지우,2009-11-04,Female,간호사,2020-10-05
27,최민지,2007-03-15,Female,요양사,2013-01-06
28,신세인,1963-09-08,Male,요양사,2017-04-05
29,한세인,1976-11-18,Male,사회복지사,2017-05-19
30,장서연,1982-10-17,Female,간호사,2013-10-02
31,황민지,1998-12-22,Female,보조원,2013-03-21
32,서민호,1960-08-11,Male,영양사,2010-07-14
33,신재훈,2011-11-30,Male,간병사,2015-12-21
34,최하은,1978-01-23,Male,보조원,2017-04-23
35,장아름,1997-04-11,Female,간호사,2022-01-29
36,서서연,2013-05-11,Female,요양사,2017-06-01
37,정하은,1970-05-18,Female,보조원,2014-04-04
38,최소영,2007-04-14,Female,사회복지사,2013-01-06
39,임동욱,1983-10-30,Female,간병사,2016-01-19
40,박재훈,2003-06-03,Female,사회복지사,2013-05-29
41,최재훈,1969-08-11,Female,간호사,2011-05-08
42,한준영,1960-07-03,Male,관리자,2012-07-03
43,임영준,1985-10-30,Male,영양사,2013-03-24
44,임준호,1966-12-23,Female,간호사,2017-11-04
45,한아름,1974-11-18,Male,요양사,2020-12-31
46,양소영,2006-11-01,Male,영양사,2019-07-26
47,권세인,1994-08-28,Male,관리자,2013-11-17
48,임영준,2004-12-04,Male,관리자,2022-03-08
49,윤서연,1973-01-16,Female,요양사,2013-09-21
50,장지현,1968-05-08,Male,영양사,2017-07-14
51,황재훈,1961-04-01,Female,보조원,2020-08-27
52,김준영,1967-05-23,Male,간호사,2015-06-13
53,윤상희,1976-03-12,Female,요양사,2014-12-28
54,오수진,1980-05-31,Male,물리치료사,2017-06-04
55,장준영,2012-01-14,Male,간호사,2018-04-02
56,임소영,1997-10-25,Male,관리자,2010-11-16
57,황은정,1971-04-20,Female,요양사,2021-05-24
58,최수진,1965-04-30,Male,영양사,2014-12-31
59,조민준,1961-04-20,Male,관리자,2013-05-22
60,강아름,1968-03-13,Male,관리자,2017-04-12
61,신민준,1978-03-13,Male,사회복지사,2021-07-23
62,홍민지,1976-10-10,Female,사회복지사,2020-09-27
63,이재훈,1980-12-18,Male,간호사,2022-02-28
64,최상희,1980-11-19,Male,영양사,2017-08-06
65,강서연,1993-08-18,Female,보조원,2019-03-06
66,홍준영,1990-10-19,Female,요양사,2017-06-14
67,홍아름,2006-08-20,Male,간병사,2021-08-30
68,권재훈,2001-05-17,Female,간병사,2015-08-14
69,서준호,2004-11-07,Female,간호사,2016-07-31
70,김은정,2013-06-27,Female,물리치료사,2022-10-25
71,한세인,2013-03-22,Male,사회복지사,2015-04-12
72,이세인,2014-03-24,Female,보조원,2019-03-08
73,오준호,1964-10-16,Male,간병사,2015-06-07
74,박민호,1984-11-10,Female,간병사,2013-03-31
75,조세인,1967-09-24,Male,영양사,2017-10-23
76,김민지,2005-09-17,Male,간병사,2019-11-10
77,이민지,1975-04-16,Male,사회복지사,2020-07-12
78,박세인,1994-02-12,Female,요양사,2015-05-18
79,성아름,1974-02-16,Female,사회복지사,2011-01-30
80,장준영,2010-05-19,Male,보조원,2014-05-13
81,양수진,1991-12-15,Male,사회복지사,2020-05-13
82,박상희,2011-08-28,Female,영양사,2017-10-16
83,황준호,2003-04-20,Female,사회복지사,2010-11-03
84,최은정,1962-08-02,Female,영양사,2015-11-15
85,강하은,2009-05-13,Female,사회복지사,2017-07-03
86,한은정,1990-10-11,Male,물리치료사,2014-03-22
87,장하은,1977-08-11,Male,영양사,2015-07-10
88,강세인,2006-01-09,Male,보조원,2022-03-31
89,권민지,1991-05-04,Male,영양사,2012-05-10
90,윤다은,1977-06-13,Female,영양사,2020-09-01
91,김지우,1981-07-31,Female,보조원,2015-08-09
92,서하은,1988-01-07,Male,요양사,2015-11-16
93,박재훈,1988-10-22,Male,물리치료사,2011-10-04
94,정세인,1968-12-21,Male,보조원,2022-11-30
95,황준영,1962-06-24,Female,물리치료사,2021-01-13
96,조서연,1977-02-21,Male,보조원,2014-02-27
97,최준영,1984-03-24,Male,물리치료사,2013-08-09
98,황아름,2001-11-08,Male,물리치료사,2010-10-04
99,서수진,1984-02-21,Male,영양사,2011-01-29
100,권상희,2010-11-14,Female,간병사,2017-06-19
101,서아름,2006-12-26,Male,사회복지사,2020-08-30
102,안재훈,2010-10-03,Female,영양사,2021-05-09
103,황다은,2004-10-17,Female,간병사,2013-12-28
104,최민준,2007-02-14,Male,사회복지사,2014-03-29
105,강다은,1989-04-16,Male,영양사,2022-10-25
106,정세인,1967-12-25,Male,간병사,2021-09-12
107,양동욱,1977-12-10,Male,보조원,2022-02-19
108,조하은,1998-03-17,Male,관리자,2010-03-05
109,신서연,1969-10-14,Female,관리자,2014-02-17
110,김민지,1993-06-15,Male,간병사,2019-03-13
111,오지현,1970-01-07,Male,사회복지사,2019-05-07
112,조영준,2002-05-08,Male,간병사,2014-01-02
113,조재훈,1985-10-21,Female,물리치료사,2011-06-19
114,임수진,2012-01-08,Male,사회복지사,2017-10-25
115,오준영,1985-08-09,Male,물리치료사,2011-08-24
116,임은정,2002-01-30,Female,간병사,2019-07-21
117,신민지,1986-03-09,Female,간병사,2011-04-25
118,서동욱,1989-09-24,Male,물리치료사,2020-12-28
119,신은정,1994-10-21,Female,영양사,2018-05-18
120,오수진,1989-11-16,Female,물리치료사,2010-06-08
121,오수진,2000-07-17,Female,영양사,2019-11-14
122,김민호,2011-02-27,Female,요양사,2021-04-12
123,윤다은,1993-05-25,Male,간호사,2012-08-24
124,한서연,2008-10-03,Female,영양사,2018-03-15
125,권준호,1978-03-07,Female,영양사,2012-02-03
126,성동욱,1990-10-11,Female,간호사,2013-04-23
127,이재훈,2005-09-30,Male,영양사,2017-07-05
128,권준영,1969-03-11,Female,요양사,2014-10-27
129,황하은,2002-04-26,Female,요양사,2020-12-13
130,신준영,2004-08-25,Female,요양사,2010-12-22
131,서소영,1985-02-06,Male,영양사,2016-11-25
132,강준호,2000-11-27,Female,요양사,2018-12-18
133,양수진,1985-12-26,Male,물리치료사,2022-01-04
134,서아름,2012-05-05,Female,사회복지사,2019-12-25
135,김지현,1991-05-15,Male,간호사,2013-09-30
136,오태호,1997-10-23,Male,보조원,2010-05-15
137,황지현,1986-05-19,Male,간호사,2014-04-09
138,황재훈,2009-01-18,Male,관리자,2014-08-25
139,안지우,1983-03-09,Male,보조원,2020-07-25
140,서동욱,1964-07-10,Female,요양사,2016-05-27
141,강재훈,1970-02-21,Female,간호사,2020-08-23
142,오상희,1975-06-27,Female,보조원,2018-07-26
143,오아름,1973-11-25,Female,물리치료사,2013-06-10
144,정태호,2003-06-28,Male,영양사,2022-08-19
145,황하은,1961-12-16,Male,간병사,2020-10-10
146,윤상희,2014-02-24,Female,보조원,2020-07-08
147,황하은,2000-12-10,Female,영양사,2010-01-29
148,장소영,1969-10-26,Male,보조원,2021-09-07
149,박하은,2006-12-16,Male,사회복지사,2012-12-01
150,조준호,2000-08-18,Male,관리자,2017-09-12
151,박아름,1990-05-14,Male,간호사,2021-06-15
152,오재훈,2002-08-30,Female,간병사,2012-02-08
153,황아름,1973-11-13,Female,사회복지사,2022-10-18
154,신영준,1994-09-17,Male,요양사,2016-04-01
155,최지현,2012-12-17,Male,간병사,2019-05-06
156,권재훈,1986-10-29,Female,요양사,2010-07-24
157,황지현,1984-03-16,Female,간병사,2021-02-10
158,신지현,1986-10-11,Female,간호사,2019-07-29
159,조지우,1974-04-28,Female,간병사,2011-12-09
160,서지우,2002-04-06,Female,영양사,2022-08-17
161,임지우,1972-04-06,Female,사회복지사,2013-12-17
162,조다은,2011-06-21,Female,영양사,2022-09-10
163,정민준,2014-02-10,Male,관리자,2014-03-15
164,윤아름,1971-12-03,Female,보조원,2017-11-20
165,권준영,1991-05-19,Female,사회복지사,2014-07-13
166,권민호,1992-09-30,Male,간병사,2013-10-30
167,강소영,1960-04-18,Female,요양사,2018-12-23
168,한준호,1984-02-10,Female,간병사,2022-04-17
169,임준영,1963-08-28,Female,물리치료사,2018-11-05
170,장소영,1993-12-17,Male,요양사,2018-05-13
171,서다은,1983-06-14,Male,관리자,2022-09-26
172,서준영,1976-05-02,Female,간호사,2019-06-15
173,신영준,1964-05-22,Male,간호사,2022-01-13
174,양민지,1992-09-10,Female,간병사,2014-09-04
175,신아름,1979-06-05,Male,물리치료사,2022-05-13
176,조민지,1991-07-04,Female,간병사,2010-07-19
177,성은정,1988-05-01,Female,사회복지사,2021-10-28
178,이아름,2013-12-08,Male,물리치료사,2010-07-08
179,최재훈,2000-06-19,Male,간병사,2019-08-08
180,박서연,1976-06-03,Male,보조원,2020-05-06
181,서준호,2013-04-14,Female,사회복지사,2018-11-28
182,김민지,2004-05-09,Male,사회복지사,2012-01-30
183,정민호,1988-06-30,Male,간호사,2013-05-23
184,신태호,1976-03-22,Female,요양사,2018-07-23
185,서아름,1974-12-29,Male,요양사,2019-04-14
186,조다은,2009-11-29,Male,간병사,2020-10-16
187,홍하은,2005-05-13,Male,간호사,2021-10-12
188,최민준,2008-01-05,Female,관리자,2013-12-21
189,신지우,1983-10-26,Female,요양사,2014-01-01
190,한서연,2008-08-15,Female,간호사,2013-06-30
191,신다은,1961-07-10,Male,사회복지사,2016-07-21
192,정민지,2005-05-30,Male,물리치료사,2019-09-18
193,양재훈,1984-04-26,Female,물리치료사,2018-10-05
194,안지우,1961-05-28,Male,관리자,2011-08-15
195,신하은,1989-04-30,Male,보조원,2013-04-15
196,신재훈,1960-04-23,Female,보조원,2010-11-07
197,신민준,1992-09-24,Female,간호사,2014-04-13
198,장소영,1989-02-10,Male,사회복지사,2015-09-12
199,양민호,1994-09-25,Female,관리자,2014-08-22
200,한민준,1968-03-09,Male,사회복지사,2022-03-26
201,안하은,2007-07-03,Female,사회복지사,2021-07-08
202,최하은,1964-07-17,Male,간병사,2013-09-06
203,최소영,1971-03-25,Male,사회복지사,2015-03-18
204,박하은,1984-07-25,Male,보조원,2018-07-13
205,박다은,2005-11-21,Male,물리치료사,2011-10-20
206,김소영,2013-02-23,Male,보조원,2016-04-18
207,최소영,1992-01-20,Female,관리자,2011-07-31
208,황재훈,1996-08-15,Male,사회복지사,2014-11-04
209,안태호,1966-10-31,Female,영양사,2021-09-07
210,권준영,1980-08-25,Female,보조원,2019-12-05
211,한준영,1983-08-17,Female,요양사,2021-11-06
212,장아름,1967-07-12,Male,물리치료사,2014-08-04
213,강지우,2011-09-10,Male,요양사,2015-12-17
214,권아름,2004-03-31,Female,간호사,2021-08-03
215,양민준,2009-03-07,Female,관리자,2016-12-29
216,서재훈,2011-05-20,Female,보조원,2019-01-12
217,한민지,2000-07-06,Male,간병사,2017-12-18
218,오아름,1975-09-15,Male,물리치료사,2019-04-04
219,윤수진,1974-01-06,Male,간병사,2019-08-09
220,홍하은,1981-02-15,Female,간병사,2017-09-13
221,오소영,1985-07-06,Female,보조원,2017-07-02
222,안지우,1981-09-30,Male,사회복지사,2018-09-20
223,안재훈,2000-12-20,Female,사회복지사,2022-10-17
224,최준호,1997-11-30,Male,영양사,2014-06-04
225,최다은,2000-11-13,Male,요양사,2011-10-05
226,윤다은,1996-09-04,Male,보조원,2020-06-28
227,신동욱,1994-09-29,Female,보조원,2017-08-05
228,최준영,1972-12-07,Female,영양사,2018-03-13
229,이준영,2007-09-24,Male,관리자,2015-03-13
230,윤민준,2000-12-10,Male,요양사,2020-02-07
231,강태호,2002-03-04,Male,보조원,2016-11-01
232,성소영,2003-12-18,Female,요양사,2018-02-16
233,조상희,2000-11-22,Male,사회복지사,2018-03-07
234,장아름,2004-01-23,Male,영양사,2011-12-20
235,황수진,2013-11-02,Male,사회복지사,2010-02-20
236,서하은,1979-05-16,Male,물리치료사,2015-07-29
237,이상희,1970-06-11,Male,요양사,2019-02-23
238,장영준,1983-12-16,Female,사회복지사,2019-11-14
239,조상희,1984-08-03,Female,보조원,2010-05-14
240,이재훈,2000-10-14,Male,요양사,2015-10-28
241,정수진,1961-03-02,Male,보조원,2017-12-03
242,한재훈,1996-08-03,Female,영양사,2020-04-09
243,박영준,1979-12-04,Female,간병사,2019-03-20
244,양민준,1998-10-04,Female,사회복지사,2015-10-05
245,서은정,1978-04-16,Female,사회복지사,2013-08-20
246,서다은,1989-07-02,Male,물리치료사,2014-05-06
247,한소영,1982-06-24,Female,간호사,2013-08-10
248,성동욱,2010-08-26,Female,물리치료사,2015-07-24
249,조동욱,1970-03-20,Male,영양사,2021-10-29
250,장은정,1988-05-19,Female,사회복지사,2017-08-04
251,안하은,1967-03-10,Male,사회복지사,2021-07-22
252,신민지,1991-04-28,Male,사회복지사,2019-03-04
253,최서연,1968-02-07,Male,간호사,2020-11-06
254,조민호,1998-04-06,Female,물리치료사,2018-10-22
255,최수진,1984-09-17,Male,요양사,2010-05-28
256,박세인,2005-02-17,Female,간호사,2021-06-11
257,강민준,1996-11-27,Male,요양사,2018-01-16
258,성하은,1970-03-03,Female,요양사,2015-03-09
259,장하은,2006-06-06,Female,물리치료사,2018-05-06
260,조재훈,2009-08-19,Female,보조원,2010-01-20
261,박지우,1966-10-23,Male,물리치료사,2010-03-06
262,조지우,2010-06-06,Male,물리치료사,2022-07-18
263,정지현,2005-09-02,Female,간호사,2016-06-08
264,장태호,1994-06-27,Female,관리자,2010-07-29
265,장다은,1997-11-22,Male,간병사,2016-05-08
266,이동욱,1972-11-23,Female,관리자,2010-10-17
267,서소영,1985-08-16,Female,관리자,2021-10-08
268,조영준,1984-06-25,Female,간병사,2010-11-26
269,박재훈,1993-12-07,Male,간병사,2013-04-25
270,강수진,1967-04-07,Male,보조원,2012-07-10
271,김영준,1965-08-25,Male,간병사,2021-10-15
272,윤수진,1972-10-04,Female,보조원,2014-09-14
273,김다은,1997-02-02,Female,물리치료사,2021-09-12
274,황서연,1972-05-18,Female,관리자,2018-12-19
275,홍서연,2003-06-10,Male,물리치료사,2013-04-13
276,강하은,1962-12-13,Male,영양사,2022-01-16
277,강세인,1994-12-08,Male,사회복지사,2016-06-27
278,강지우,1978-06-03,Male,사회복지사,2022-11-14
279,박지현,1969-11-25,Male,물리치료사,2012-08-28
280,장동욱,1978-05-07,Female,보조원,2013-08-06
281,김준영,1978-10-10,Male,간병사,2012-12-04
282,임하은,1976-04-30,Female,간호사,2021-09-26
283,신준영,1988-11-03,Male,관리자,2022-09-13
284,홍아름,1983-07-31,Male,영양사,2021-03-24
285,정재훈,1984-10-07,Female,물리치료사,2011-02-26
286,박준호,1984-04-30,Male,사회복지사,2014-01-16
287,오민준,2001-07-13,Male,영양사,2019-03-15
288,황수진,1967-02-13,Male,요양사,2013-09-03
289,강민지,2013-02-13,Female,관리자,2012-02-28
290,강은정,1981-10-31,Male,영양사,2012-11-07
291,최동욱,1995-12-12,Female,사회복지사,2012-04-03
292,윤민지,1973-07-18,Male,간호사,2013-06-06
293,성동욱,1972-07-01,Female,영양사,2015-12-03
294,조태호,1997-12-15,Male,물리치료사,2018-11-10
295,장민호,1994-07-16,Female,영양사,2015-03-06
296,안영준,2011-01-24,Female,보조원,2018-10-20
297,임영준,1978-02-07,Female,사회복지사,2012-04-14
298,황수진,1987-08-27,Female,요양사,2020-02-17
299,이준호,1968-01-03,Female,물리치료사,2020-09-10
300,양민지,1989-04-01,Female,관리자,2013-05-18
301,홍소영,1994-06-28,Female,요양사,2022-04-10
302,임민호,1972-08-18,Female,간병사,2017-03-10
303,권지현,1994-03-14,Female,영양사,2011-04-17
304,신영준,1963-02-25,Male,물리치료사,2010-06-14
305,신상희,1979-03-24,Female,관리자,2020-10-06
306,황영준,1976-02-24,Female,사회복지사,2022-06-20
307,성서연,1997-07-22,Male,관리자,2021-12-16
308,서상희,1994-09-16,Male,영양사,2021-10-15
309,신수진,1997-08-25,Female,간호사,2020-10-03
310,홍민준,1992-01-05,Female,간호사,2020-05-24
311,황지현,2001-08-14,Male,물리치료사,2010-08-26
312,한태호,1996-06-14,Male,간병사,2022-01-12
313,최아름,1991-02-10,Female,보조원,2017-02-14
314,양재훈,1962-07-26,Female,사회복지사,2016-06-09
315,서은정,1972-09-06,Female,간호사,2021-01-14
316,김지현,2003-11-12,Male,간병사,2014-05-19
317,한세인,2010-01-19,Female,요양사,2013-08-11
318,장수진,2001-05-11,Female,간호사,2021-08-02
319,안상희,1972-04-12,Male,요양사,2021-07-12
320,조지현,2011-01-18,Female,영양사,2019-02-19
321,홍재훈,1964-09-30,Female,간호사,2014-05-31
322,성지우,2000-03-06,Male,영양사,2022-01-06
323,최민준,2008-06-07,Female,사회복지사,2019-09-14
324,윤민호,1994-11-13,Male,관리자,2011-10-13
325,양민호,2013-08-28,Female,간병사,2016-08-16
326,안민호,2001-02-02,Male,요양사,2017-10-20
327,이소영,1999-06-03,Female,간병사,2011-12-05
328,정세인,1965-10-06,Female,물리치료사,2017-12-18
329,서동욱,1981-04-11,Male,간호사,2022-07-27
330,한지우,2003-06-01,Female,간호사,2013-12-13
331,최재훈,1976-05-05,Male,요양사,2016-02-08
332,서다은,1999-04-14,Male,영양사,2019-11-17
333,박소영,2000-11-16,Male,요양사,2013-02-12
334,서태호,1979-02-03,Female,사회복지사,2014-03-13
335,임지우,2014-03-23,Male,요양사,2019-10-14
336,최아름,2004-03-17,Male,사회복지사,2016-10-08
337,조상희,1980-06-27,Female,보조원,2014-03-23
338,오민지,1976-12-03,Female,사회복지사,2021-04-14
339,장준영,2007-04-25,Female,관리자,2022-03-25
340,정민지,2010-02-28,Female,사회복지사,2019-01-10
341,안하은,1980-10-30,Female,영양사,2011-12-06
342,강소영,1972-01-16,Male,요양사,2011-10-12
343,장수진,2001-02-18,Male,관리자,2018-11-18
344,오다은,1985-05-09,Female,보조원,2014-04-23
345,신다은,2001-01-02,Female,요양사,2020-11-27
346,김은정,1960-08-24,Male,간병사,2014-11-19
347,이태호,1986-06-27,Female,요양사,2014-06-11
348,임태호,2002-10-19,Male,물리치료사,2020-04-30
349,정민준,1997-09-27,Female,사회복지사,2017-04-17
350,강지현,1979-07-30,Female,영양사,2012-09-09
351,조지현,1996-08-04,Male,요양사,2022-10-10
352,신상희,1964-12-16,Male,사회복지사,2012-06-22
353,오재훈,2008-01-01,Male,간병사,2019-02-27
354,김아름,1980-02-08,Female,요양사,2017-10-20
355,성세인,1995-09-09,Male,간병사,2016-11-13
356,한재훈,2006-12-03,Female,간호사,2021-09-14
357,임민지,2011-06-14,Female,영양사,2014-01-02
358,서민준,2013-02-03,Female,간호사,2016-08-08
359,안수진,1993-11-06,Male,요양사,2014-05-19
360,한준호,1987-03-13,Male,간호사,2021-12-26
361,서태호,1981-11-07,Male,사회복지사,2011-10-25
362,정다은,1997-12-13,Female,관리자,2015-07-05
363,윤준호,1991-10-28,Female,사회복지사,2019-10-27
364,이준호,1990-10-29,Male,요양사,2010-08-23
365,장동욱,1968-05-28,Female,간병사,2014-04-16
366,강동욱,1964-12-21,Male,물리치료사,2018-06-19
367,안민준,1962-09-10,Female,사회복지사,2018-01-04
368,최소영,2004-01-27,Female,물리치료사,2017-10-17
369,성다은,1967-06-15,Female,사회복지사,2012-10-27
370,권지우,1963-03-01,Male,관리자,2022-06-13
371,권준호,1983-01-05,Male,요양사,2022-05-12
372,조민지,1972-07-10,Male,사회복지사,2018-09-17
373,성상희,1965-04-17,Female,사회복지사,2011-12-25
374,오아름,1965-08-16,Male,간호사,2012-01-12
375,황민지,1960-11-02,Male,사회복지사,2021-06-16
376,최재훈,1964-06-02,Female,사회복지사,2013-01-14
377,양하은,1977-02-18,Male,요양사,2018-02-05
378,양아름,2013-01-05,Male,사회복지사,2017-04-02
379,안지우,1989-02-21,Male,보조원,2014-01-19
380,박지현,2006-08-17,Male,물리치료사,2015-09-11
381,김다은,1961-06-08,Female,사회복지사,2013-05-15
382,조세인,1980-03-09,Male,간호사,2013-06-13
383,임아름,1986-10-12,Male,사회복지사,2022-12-21
384,이재훈,2008-01-28,Female,간병사,2020-02-12
385,황은정,1986-09-14,Male,간병사,2013-08-17
386,장소영,2000-07-21,Male,관리자,2015-05-11
387,정은정,1981-06-19,Male,요양사,2010-12-23
388,최다은,1971-09-26,Female,영양사,2018-04-29
389,장아름,1989-04-04,Female,물리치료사,2012-07-25
390,황지현,1977-08-13,Female,영양사,2013-04-24
391,이민지,1978-05-29,Female,간병사,2017-06-09
392,양지현,2003-08-02,Male,영양사,2022-10-24
393,홍소영,1968-07-13,Male,간병사,2019-05-08
394,권세인,1986-10-11,Male,영양사,2014-01-18
395,성서연,1970-09-24,Female,사회복지사,2020-08-25
396,김재훈,1998-07-04,Male,사회복지사,2021-11-13
397,이세인,1978-09-19,Female,간병사,2019-08-04
398,한아름,1969-03-07,Female,사회복지사,2014-01-17
399,조재훈,1987-07-28,Male,영양사,2016-08-01
400,양영준,1977-11-23,Female,간호사,2017-04-10
401,이은정,1974-10-24,Male,간호사,2012-12-22
402,이하은,1974-07-09,Male,간병사,2013-01-22
403,서서연,1996-02-04,Female,관리자,2014-05-23
404,양민지,2004-03-25,Female,물리치료사,2021-10-03
405,정지현,2002-01-18,Female,요양사,2016-04-14
406,안지우,1977-08-31,Female,물리치료사,2022-05-09
407,김다은,2012-08-29,Female,영양사,2015-08-28
408,한상희,1984-05-04,Female,영양사,2020-10-14
409,안지우,1985-10-15,Female,간병사,2020-08-03
410,조소영,1968-12-30,Male,간병사,2021-07-10
411,황하은,2001-10-10,Female,사회복지사,2020-04-01
412,장재훈,1960-07-19,Female,간병사,2015-05-25
413,권동욱,1970-04-06,Male,간병사,2012-05-27
414,양민호,1984-02-06,Female,보조원,2017-02-12
415,권수진,1965-03-12,Female,보조원,2012-06-25
416,임동욱,1971-03-30,Female,물리치료사,2015-07-08
417,이아름,1974-11-19,Male,보조원,2010-02-23
418,강지우,1975-05-15,Male,보조원,2012-06-12
419,박은정,1976-11-21,Female,보조원,2021-06-26
420,홍세인,1981-07-05,Male,간병사,2012-05-19
421,신영준,1969-02-10,Female,물리치료사,2019-03-04
422,홍서연,2002-04-19,Female,물리치료사,2017-06-28
423,박지우,1969-07-06,Female,간호사,2022-01-24
424,신아름,1990-10-01,Female,요양사,2011-04-27
425,신하은,1961-04-19,Female,보조원,2018-03-07
426,정하은,1966-01-27,Male,보조원,2022-11-09
427,서다은,1993-02-25,Female,관리자,2011-04-18
428,조준영,2006-06-15,Female,간호사,2017-08-09
429,장은정,1969-08-24,Male,물리치료사,2017-11-28
430,김아름,1989-11-22,Male,간병사,2021-04-03
431,조지현,1961-08-11,Male,관리자,2016-06-03
432,홍상희,2001-08-19,Male,간호사,2018-07-29
433,안지우,1970-05-25,Female,보조원,2020-12-09
434,김서연,2013-01-17,Female,물리치료사,2016-07-31
435,황은정,1985-09-07,Female,간병사,2014-07-01
436,장다은,1976-07-08,Female,물리치료사,2017-08-04
437,성민준,1988-08-11,Male,관리자,2010-05-15
438,조민준,2012-05-11,Female,영양사,2013-02-04
439,김아름,1980-03-20,Male,간병사,2018-06-13
440,윤소영,1990-08-22,Female,사회복지사,2010-04-18
441,오재훈,2011-07-13,Female,사회복지사,2011-10-04
442,조서연,1977-05-18,Male,간병사,2011-04-14
443,윤하은,2000-12-04,Male,요양사,2017-06-05
444,양민지,2013-06-10,Male,간병사,2014-03-06
445,홍민지,1988-04-28,Female,영양사,2012-08-08
446,최준영,1969-04-28,Male,사회복지사,2022-05-10
447,정재훈,1998-06-13,Female,물리치료사,2010-03-11
448,황준호,1994-05-01,Female,보조원,2012-10-23
449,강소영,2005-02-15,Male,간호사,2020-10-04
450,오지현,1995-05-20,Male,간호사,2015-09-01
451,안민호,1974-06-26,Female,영양사,2011-07-28
452,권영준,1981-08-30,Female,보조원,2017-12-14
453,김은정,1995-08-05,Female,물리치료사,2013-10-26
454,황상희,1980-04-08,Male,보조원,2016-08-29
455,황민준,1976-01-28,Female,간호사,2018-02-28
456,성지현,1990-05-12,Female,간호사,2019-10-12
457,최서연,1985-04-30,Female,보조원,2022-07-30
458,이지현,2006-08-21,Female,물리치료사,2013-05-19
459,박태호,1984-12-18,Male,영양사,2019-10-18
460,강상희,2006-03-07,Male,관리자,2015-12-10
461,신세인,1984-12-02,Male,간병사,2010-11-11
462,조아름,1984-08-19,Female,간호사,2013-04-15
463,이지현,2013-02-06,Male,사회복지사,2012-11-02
464,양준영,1999-05-16,Male,보조원,2022-04-29
465,정준호,1973-08-31,Female,요양사,2016-02-02
466,권지우,2010-08-08,Female,보조원,2020-07-30
467,박수진,2000-04-10,Female,물리치료사,2013-02-12
468,윤다은,1981-02-04,Male,관리자,2019-02-12
469,성은정,2009-10-14,Male,간병사,2017-01-18
470,이소영,2011-12-23,Male,요양사,2010-05-27
471,신서연,2011-10-29,Male,사회복지사,2022-08-04
472,황준호,2010-03-06,Female,관리자,2022-04-06
473,장서연,1983-09-20,Male,요양사,2013-02-10
474,최소영,1968-10-10,Male,관리자,2020-04-11
475,강재훈,1972-01-12,Male,영양사,2015-03-13
476,김민지,1989-11-24,Male,간호사,2011-05-12
477,정다은,1990-03-06,Male,요양사,2015-01-01
478,이민준,1969-09-07,Male,사회복지사,2010-12-15
479,정세인,1972-11-23,Female,요양사,2016-05-03
480,한세인,1985-11-01,Male,요양사,2022-04-17
481,권다은,1972-11-12,Male,요양사,2013-02-05
482,임민준,1993-12-17,Female,물리치료사,2020-01-05
483,강준호,1995-05-22,Female,간호사,2020-01-17
484,박준호,1983-06-11,Male,보조원,2014-07-06
485,권재훈,1990-02-17,Female,영양사,2019-03-20
486,윤세인,1960-01-05,Male,간병사,2012-06-14
487,오다은,2003-11-04,Male,간호사,2012-11-25
488,조아름,1975-09-27,Male,사회복지사,2014-10-23
489,서상희,1968-10-04,Female,사회복지사,2022-01-15
490,장은정,1996-03-29,Female,간호사,2011-09-05
491,임민호,2001-09-30,Male,보조원,2011-06-21
492,홍서연,1966-11-27,Female,영양사,2012-06-23
493,강상희,1991-03-11,Male,간병사,2020-08-07
494,한지현,1962-06-20,Female,물리치료사,2017-06-12
495,조하은,2004-09-12,Male,간병사,2015-07-20
496,정지현,1977-07-08,Male,물리치료사,2018-02-07
497,이은정,1962-10-20,Male,물리치료사,2022-10-20
498,조소영,1971-04-03,Female,간호사,2019-10-14
499,박민지,1973-12-18,Female,간병사,2011-03-17
500,최세인,1971-01-10,Male,영양사,2019-11-06
501,박서연,1993-10-04,Female,간호사,2019-12-18
502,성민호,1976-07-06,Female,영양사,2016-11-13
503,양준호,1974-12-11,Male,사회복지사,2015-11-28
504,김상희,1973-04-28,Female,보조원,2017-09-10
505,임서연,2010-10-23,Male,사회복지사,2017-09-29
506,서지우,1978-07-16,Male,요양사,2020-09-16
507,오준영,1968-06-11,Male,보조원,2022-04-08
508,오재훈,2011-01-31,Male,물리치료사,2013-01-27
509,정서연,1998-04-30,Male,물리치료사,2012-10-14
510,이영준,2003-07-23,Female,간호사,2021-01-14
511,최영준,1962-07-14,Female,보조원,2015-02-22
512,성하은,1977-12-16,Male,관리자,2018-11-25
513,홍은정,1977-07-16,Male,영양사,2016-08-09
514,신동욱,1986-11-21,Male,사회복지사,2012-10-16
515,윤지우,1964-06-27,Male,물리치료사,2018-12-28
516,최하은,1992-11-04,Female,영양사,2011-09-15
517,정상희,1982-06-25,Male,영양사,2017-10-16
518,정은정,2003-10-26,Female,사회복지사,2020-02-14
519,한영준,1960-09-29,Male,사회복지사,2020-02-26
520,강준호,1998-11-03,Female,요양사,2015-01-07
521,윤상희,1989-07-30,Male,보조원,2018-12-17
522,신세인,1960-07-01,Female,보조원,2011-02-10
523,최민준,1986-02-12,Male,간호사,2012-01-05
524,한다은,1983-09-16,Male,요양사,2020-08-20
525,홍아름,1968-05-23,Female,물리치료사,2022-10-07
526,신하은,1983-04-26,Female,영양사,2022-05-29
527,한지우,1962-06-01,Male,관리자,2021-01-21
528,성소영,1992-09-08,Male,물리치료사,2013-10-07
529,박상희,2009-06-17,Female,물리치료사,2020-07-25
530,임민준,2013-06-23,Male,간병사,2020-06-17
531,안민지,1965-09-09,Female,사회복지사,2013-06-09
532,양지우,1963-09-05,Male,사회복지사,2019-07-01
533,윤아름,2004-10-05,Female,보조원,2018-10-18
534,조민호,1993-11-13,Male,보조원,2015-03-29
535,김아름,1991-05-21,Female,물리치료사,2022-07-07
536,최영준,2011-05-19,Female,간호사,2020-05-18
537,임준영,1996-03-16,Male,요양사,2016-12-02
538,황동욱,1978-11-29,Female,간호사,2018-03-03
539,윤수진,1965-12-03,Male,간병사,2022-11-16
540,강은정,1998-07-19,Female,간병사,2010-08-08
541,홍하은,1998-04-24,Male,요양사,2019-09-16
542,조민호,1965-09-11,Male,간호사,2019-01-07
543,성상희,1960-02-20,Female,물리치료사,2010-09-10
544,윤영준,1990-10-04,Female,간호사,2022-11-20
545,성동욱,1996-12-23,Male,보조원,2015-05-27
546,신지우,1964-02-01,Male,요양사,2017-12-09
547,오민호,1987-09-03,Male,요양사,2011-03-09
548,박은정,1994-08-24,Male,영양사,2021-01-28
549,한상희,1992-12-22,Female,물리치료사,2013-04-11
550,성지우,1996-10-09,Female,물리치료사,2019-08-14
551,김준영,1980-03-08,Male,간병사,2017-12-24
552,권민호,1986-07-30,Female,간호사,2020-10-23
553,한상희,1996-08-11,Male,요양사,2013-09-24
554,강지현,1975-11-25,Female,간병사,2018-04-07
555,양민호,2006-04-12,Male,요양사,2019-03-20
556,조아름,1981-04-06,Female,간병사,2011-06-22
557,황수진,1979-08-21,Female,사회복지사,2013-11-30
558,권준호,1969-05-09,Female,간호사,2021-12-14
559,성지현,2008-11-12,Female,관리자,2015-08-22
560,이태호,1978-03-27,Male,간병사,2013-04-09
561,양소영,1999-10-12,Female,간호사,2020-08-15
562,안지현,1994-01-14,Male,관리자,2016-07-28
563,장지현,1967-10-12,Male,간병사,2013-10-19
564,서서연,1961-08-09,Male,간병사,2013-10-23
565,윤서연,2011-11-03,Male,보조원,2017-12-27
566,장서연,2013-06-03,Male,물리치료사,2016-03-31
567,임상희,1974-04-30,Female,영양사,2015-12-02
568,정세인,2008-11-15,Female,사회복지사,2021-10-16
569,임영준,2003-12-12,Male,물리치료사,2012-09-03
570,임수진,1978-05-09,Male,간호사,2016-07-18
571,홍민호,2013-05-26,Male,요양사,2013-02-28
572,한수진,1963-10-06,Female,요양사,2010-11-11
573,신다은,1985-01-28,Female,간병사,2010-11-30
574,최하은,1989-01-21,Female,요양사,2014-02-24
575,안민지,1960-04-01,Male,관리자,2013-03-08
576,오서연,2010-01-13,Female,보조원,2011-12-07
577,양소영,1972-10-29,Female,물리치료사,2021-02-05
578,안소영,2009-02-05,Female,사회복지사,2014-10-21
579,임세인,1976-08-27,Female,사회복지사,2016-08-02
580,이재훈,2000-11-10,Female,사회복지사,2011-07-15
581,권다은,1986-06-12,Male,보조원,2016-08-12
582,정지현,1966-08-24,Female,관리자,2012-01-28
583,황아름,2010-10-20,Female,사회복지사,2021-12-20
584,정은정,1970-01-10,Female,관리자,2017-05-05
585,서아름,1980-11-27,Male,보조원,2017-12-19
586,양은정,2009-11-29,Male,요양사,2012-04-24
587,이민호,1967-03-13,Male,간호사,2011-06-18
588,정아름,1996-03-04,Female,물리치료사,2014-11-10
589,박민호,1979-01-23,Male,물리치료사,2012-04-19
590,서하은,2011-02-01,Female,물리치료사,2021-12-30
591,양은정,1978-12-11,Female,간호사,2012-08-16
592,홍서연,1985-02-21,Female,간호사,2015-06-04
593,홍세인,2002-09-17,Female,요양사,2018-12-18
594,강다은,1978-02-21,Female,물리치료사,2020-04-26
595,양태호,1997-01-04,Male,사회복지사,2017-10-30
596,홍지현,1984-04-24,Male,관리자,2017-10-22
597,성상희,1993-04-14,Female,관리자,2015-12-01
598,이수진,2008-02-14,Male,보조원,2013-04-22
599,한수진,1978-08-31,Female,간호사,2014-07-30
600,박상희,1961-02-26,Male,사회복지사,2013-05-20
601,홍아름,1977-11-11,Male,사회복지사,2019-02-07
602,장준영,1972-02-24,Male,사회복지사,2011-10-11
603,성은정,1976-08-26,Female,영양사,2020-04-22
604,성세인,2014-02-16,Female,보조원,2011-03-13
605,박재훈,1974-01-27,Male,간병사,2012-11-17
606,황상희,1981-12-30,Male,영양사,2014-05-05
607,황지현,1998-01-31,Male,관리자,2022-05-01
608,강지현,2003-11-18,Male,보조원,2011-08-28
609,신재훈,1979-08-24,Female,요양사,2021-11-24
610,서하은,1966-07-24,Male,보조원,2014-01-20
611,강민호,1998-10-31,Male,관리자,2014-09-24
612,임민지,2012-08-14,Male,보조원,2011-07-17
613,임세인,1976-05-05,Male,보조원,2021-08-29
614,장서연,2011-07-29,Male,영양사,2022-05-24
615,한태호,1978-11-02,Male,보조원,2018-04-28
616,조민호,1979-01-14,Male,요양사,2011-05-30
617,홍영준,1974-04-27,Male,간호사,2015-05-31
618,황재훈,1976-10-24,Female,간병사,2015-03-26
619,오세인,1960-02-07,Male,관리자,2020-03-22
620,황세인,1999-02-13,Male,영양사,2014-02-10
621,최지우,1995-12-01,Male,물리치료사,2018-11-07
622,박민호,1964-10-10,Female,물리치료사,2022-03-13
623,황상희,1961-06-29,Female,보조원,2012-09-06
624,한영준,1970-03-01,Male,요양사,2017-09-06
625,임수진,1994-02-21,Female,물리치료사,2018-10-07
626,장민지,1996-06-15,Male,관리자,2019-11-05
627,장하은,1973-02-01,Male,보조원,2014-05-22
628,서지현,1997-01-18,Male,요양사,2019-03-10
629,장아름,2010-02-07,Female,관리자,2020-11-05
630,홍태호,2000-06-12,Male,관리자,2016-08-29
631,이아름,1968-09-06,Female,보조원,2011-10-23
632,서동욱,1964-05-27,Female,간병사,2019-11-20
633,윤소영,1966-09-10,Female,영양사,2019-05-27
634,황지현,1995-04-15,Female,간병사,2015-07-16
635,최지현,1989-03-11,Male,관리자,2017-08-21
636,안태호,2013-09-13,Female,간병사,2010-07-21
637,임하은,1999-07-25,Male,영양사,2015-09-11
638,안다은,1961-11-30,Male,요양사,2021-12-18
639,한은정,1964-11-25,Male,간호사,2012-02-29
640,한서연,1989-10-10,Male,간호사,2021-09-22
641,정세인,1974-11-21,Male,물리치료사,2022-07-03
642,조하은,1975-12-04,Male,물리치료사,2021-07-09
643,정민호,1987-07-13,Male,간호사,2015-05-09
644,홍세인,2006-01-30,Female,보조원,2018-12-23
645,오하은,1973-04-08,Male,영양사,2011-01-06
646,안민지,1988-03-18,Male,영양사,2015-07-09
647,안지우,1998-09-25,Male,사회복지사,2017-10-26
648,이민준,2012-02-06,Female,간병사,2014-07-20
649,김재훈,1981-12-24,Female,간호사,2019-07-15
650,임민지,1989-06-11,Male,간호사,2012-12-20
651,박지현,2005-05-22,Male,영양사,2016-11-20
652,성수진,2013-12-24,Female,사회복지사,2012-04-08
653,장상희,2008-03-18,Female,관리자,2018-04-10
654,박아름,1961-02-24,Female,영양사,2014-09-29
655,오준호,1972-08-04,Male,사회복지사,2018-09-05
656,장서연,1973-08-20,Female,물리치료사,2018-01-01
657,김민지,1982-04-13,Male,요양사,2018-11-29
658,오지우,1987-05-03,Female,물리치료사,2011-08-16
659,신영준,1964-06-08,Female,관리자,2019-02-19
660,양은정,1968-01-07,Male,간호사,2018-06-30
661,윤상희,1991-09-19,Male,물리치료사,2022-03-19
662,성동욱,1998-10-19,Male,간호사,2021-11-25
663,정준호,1992-07-30,Male,보조원,2021-10-27
664,박세인,2007-05-27,Female,영양사,2016-04-13
665,강재훈,2010-05-29,Male,관리자,2018-05-21
666,홍하은,2003-09-05,Male,간호사,2018-08-03
667,양동욱,2002-05-17,Female,관리자,2017-04-13
668,임소영,1962-11-13,Female,관리자,2014-10-18
669,성소영,1999-08-25,Female,관리자,2016-06-13
670,윤하은,2005-12-01,Female,간병사,2014-06-24
671,안민준,1977-09-04,Female,관리자,2017-01-13
672,오상희,1988-06-09,Female,요양사,2022-02-22
673,장지현,1972-01-03,Female,영양사,2021-08-13
674,김다은,2010-01-06,Male,간병사,2011-07-01
675,윤은정,1998-04-24,Male,요양사,2013-09-03
676,강지현,1978-09-14,Female,영양사,2010-10-14
677,오다은,1961-05-03,Female,관리자,2015-02-14
678,황수진,2008-07-21,Male,관리자,2020-06-11
679,정민호,2007-05-02,Male,간병사,2014-11-16
680,황아름,1969-11-13,Female,요양사,2020-11-16
681,최준영,2011-05-07,Male,요양사,2019-06-29
682,박다은,1992-09-11,Female,간호사,2020-06-19
683,김상희,1970-05-20,Male,사회복지사,2017-01-01
684,이재훈,2008-04-01,Male,간호사,2017-02-25
685,임하은,2011-03-03,Female,사회복지사,2017-11-11
686,이은정,2006-08-05,Male,영양사,2017-05-08
687,양수진,1965-10-17,Male,물리치료사,2015-03-31
688,조하은,1968-06-04,Male,요양사,2021-03-30
689,오수진,1999-02-25,Male,보조원,2019-03-21
690,강서연,2006-03-10,Male,간호사,2020-01-04
691,안다은,1967-04-30,Female,보조원,2010-01-27
692,홍지우,1971-03-15,Female,물리치료사,2022-04-22
693,윤상희,1964-11-18,Female,간호사,2020-10-23
694,김지우,2011-10-11,Female,사회복지사,2013-05-07
695,박세인,1972-04-12,Male,영양사,2012-06-23
696,한민준,1990-03-29,Male,간병사,2017-04-05
697,한아름,2011-11-01,Male,보조원,2012-10-04
698,양민지,1997-03-07,Female,보조원,2011-08-14
699,성지우,1970-12-03,Male,간병사,2021-11-27
700,최민지,2005-11-23,Female,물리치료사,2010-10-30
701,양상희,1963-09-22,Female,간호사,2017-07-09
702,김태호,1996-06-26,Female,관리자,2012-05-04
703,황재훈,1962-12-14,Male,간병사,2015-04-29
704,이준호,1967-12-14,Male,물리치료사,2013-06-06
705,양민호,2002-06-23,Female,관리자,2016-03-21
706,권서연,2006-03-19,Male,물리치료사,2016-09-05
707,강다은,1978-01-08,Male,물리치료사,2015-03-20
708,권서연,1981-07-07,Male,보조원,2020-05-27
709,조은정,1983-05-02,Male,사회복지사,2014-12-01
710,신민준,1988-12-20,Female,간호사,2016-12-24
711,성다은,2008-03-18,Female,사회복지사,2019-12-21
712,정동욱,1973-02-25,Male,영양사,2010-12-23
713,임동욱,1961-07-15,Female,보조원,2020-07-15
714,안아름,1965-09-27,Male,보조원,2017-12-10
715,양태호,1976-12-15,Male,사회복지사,2021-05-14
716,황하은,1993-09-11,Female,관리자,2022-08-25
717,김세인,1984-07-20,Female,물리치료사,2020-05-28
718,신준영,1961-06-22,Female,영양사,2017-03-14
719,성재훈,1982-12-01,Male,영양사,2018-04-27
720,양재훈,2005-10-28,Female,사회복지사,2020-01-24
721,정민준,1966-07-01,Male,영양사,2017-11-28
722,임서연,1988-08-04,Female,관리자,2012-04-04
723,성민준,1986-05-08,Male,간호사,2010-09-14
724,최동욱,1996-08-18,Male,물리치료사,2019-09-26
725,홍서연,1980-05-07,Female,간병사,2013-01-16
726,박수진,1982-02-25,Female,요양사,2015-02-28
727,한민호,1973-02-04,Male,보조원,2011-06-04
728,김지현,1997-10-22,Female,보조원,2011-11-06
729,양소영,1987-06-19,Female,보조원,2015-05-21
730,양은정,2008-09-08,Female,사회복지사,2022-03-01
731,오태호,2005-10-18,Male,영양사,2012-03-03
732,강민지,1972-11-05,Female,사회복지사,2017-08-17
733,오지우,2006-09-11,Male,요양사,2018-09-15
734,조서연,1978-09-11,Female,물리치료사,2015-08-10
735,최영준,1981-10-22,Male,간호사,2011-12-27
736,이지우,1998-10-05,Female,관리자,2015-06-22
737,황준호,1991-12-01,Male,간호사,2014-09-02
738,김세인,1974-01-15,Female,관리자,2016-02-05
739,양소영,1973-02-04,Male,보조원,2010-11-19
740,신지현,1988-02-08,Female,사회복지사,2013-04-03
741,박세인,1960-05-01,Female,간병사,2010-10-05
742,박민지,1964-02-27,Male,간병사,2015-12-09
743,양은정,1981-02-01,Male,관리자,2018-04-22
744,서민호,1965-07-02,Male,물리치료사,2020-10-06
745,김서연,1999-04-22,Female,관리자,2013-12-11
746,성하은,1974-03-20,Male,보조원,2014-06-12
747,강동욱,2003-10-18,Male,간병사,2016-11-22
748,최소영,1974-04-30,Male,사회복지사,2020-01-18
749,최하은,1966-08-04,Female,보조원,2014-05-10
750,박민지,1985-04-18,Male,간호사,2021-12-26
751,신민호,1991-12-06,Female,관리자,2013-09-29
752,안민준,1962-05-08,Female,사회복지사,2021-06-14
753,황소영,1978-12-02,Male,물리치료사,2010-05-07
754,이수진,1993-12-01,Male,사회복지사,2016-11-21
755,황민호,1992-01-19,Female,간호사,2019-01-07
756,최태호,2009-11-21,Female,사회복지사,2016-01-14
757,정민호,2007-05-09,Female,관리자,2012-08-09
758,윤민준,2003-08-12,Female,사회복지사,2014-09-02
759,신지우,2009-07-12,Male,물리치료사,2017-08-08
760,양지우,1968-11-05,Female,요양사,2016-06-03
761,임상희,1973-11-20,Female,간호사,2019-06-11
762,성동욱,1992-01-13,Female,보조원,2017-09-05
763,성준영,1996-07-08,Male,요양사,2013-09-14
764,홍세인,1987-01-16,Female,사회복지사,2014-10-02
765,이민지,1975-05-08,Female,간호사,2022-08-27
766,서하은,1986-10-19,Male,사회복지사,2013-01-10
767,서민지,1984-04-11,Male,사회복지사,2017-07-28
768,정세인,1968-04-08,Male,보조원,2010-01-29
769,김재훈,2010-10-18,Female,보조원,2022-10-09
770,강지우,1988-11-20,Male,요양사,2020-09-08
771,강준호,1962-05-22,Female,간병사,2014-11-18
772,강영준,1995-11-03,Female,물리치료사,2020-08-16
773,임지우,1966-04-08,Male,간병사,2020-11-18
774,강지현,1982-03-20,Female,간호사,2011-12-12
775,임준영,1960-08-10,Female,간호사,2021-03-24
776,강태호,1992-01-31,Male,사회복지사,2012-07-07
777,서민호,1986-11-28,Female,관리자,2011-08-20
778,정태호,1984-12-13,Female,간병사,2018-07-18
779,장지현,1984-02-12,Male,영양사,2010-12-21
780,양동욱,2012-12-27,Female,사회복지사,2012-10-27
781,오상희,1981-12-24,Female,간호사,2013-06-29
782,임소영,1979-06-21,Male,관리자,2011-03-03
783,윤다은,1978-09-15,Male,간호사,2013-08-15
784,임태호,2007-11-05,Female,관리자,2017-05-07
785,강태호,2001-06-18,Male,간호사,2018-11-22
786,최수진,1963-04-01,Female,간호사,2021-08-27
787,권아름,1968-11-23,Male,관리자,2010-05-26
788,장소영,1966-11-20,Male,사회복지사,2015-11-11
789,양태호,1993-01-25,Female,요양사,2022-09-11
790,양재훈,1995-01-09,Female,요양사,2021-04-28
791,정태호,1972-02-19,Male,영양사,2018-07-20
792,성수진,1991-10-10,Female,물리치료사,2014-10-25
793,황민지,1990-12-26,Female,간병사,2017-06-12
794,임재훈,1985-06-26,Male,관리자,2021-02-23
795,서영준,1996-10-25,Female,보조원,2020-05-28
796,박태호,1980-01-11,Male,물리치료사,2019-04-15
797,조준호,1989-04-04,Female,물리치료사,2013-10-23
798,양재훈,1977-03-04,Female,요양사,2013-12-08
799,신영준,1969-03-04,Male,요양사,2011-03-09
800,안지현,2013-01-26,Female,영양사,2017-02-06
801,강상희,1989-06-01,Male,보조원,2018-04-24
802,홍재훈,1998-09-24,Female,요양사,2014-09-28
803,양하은,1987-05-27,Female,물리치료사,2011-11-15
804,황소영,2002-09-05,Male,간병사,2020-02-23
805,권민준,1974-07-17,Female,영양사,2022-07-21
806,한동욱,1966-01-09,Male,간병사,2018-12-13
807,황지우,1981-08-31,Male,관리자,2013-11-21
808,성준호,2002-08-28,Male,간호사,2011-09-02
809,김하은,1980-05-15,Female,간병사,2019-11-04
810,오지우,1971-11-10,Male,사회복지사,2016-11-28
811,박준호,1977-04-21,Female,보조원,2013-09-21
812,윤준영,1968-05-31,Female,사회복지사,2020-09-25
813,박세인,1974-04-07,Female,간병사,2020-12-22
814,황재훈,1969-07-24,Male,간호사,2013-04-30
815,양지현,2002-02-15,Female,요양사,2022-03-27
816,서지현,1997-05-11,Male,사회복지사,2021-06-03
817,임상희,1961-08-15,Male,간호사,2017-11-01
818,최준호,1970-10-22,Male,영양사,2017-04-28
819,최민호,1963-07-22,Male,영양사,2014-06-19
820,이아름,1991-09-01,Male,관리자,2018-09-04
821,이세인,2011-07-16,Female,영양사,2022-03-17
822,양태호,1968-09-17,Male,요양사,2017-09-17
823,윤아름,1967-01-09,Female,물리치료사,2014-11-28
824,강은정,1996-04-08,Male,관리자,2018-01-22
825,권아름,2003-09-08,Female,간호사,2013-07-05
826,서지우,1978-05-20,Male,관리자,2012-01-08
827,성수진,1979-03-15,Male,관리자,2012-12-11
828,정준호,2002-04-02,Female,영양사,2012-04-10
829,권준영,2009-03-29,Male,사회복지사,2011-04-14
830,강동욱,1972-05-02,Male,간병사,2014-04-02
831,황상희,1981-08-19,Female,요양사,2020-10-03
832,오태호,1963-01-01,Female,물리치료사,2013-12-12
833,홍상희,1999-12-14,Male,간호사,2010-02-27
834,최재훈,2010-12-03,Female,간병사,2013-02-05
835,안소영,2013-11-01,Female,보조원,2011-06-24
836,조준호,2003-09-01,Female,물리치료사,2021-10-07
837,황지우,1960-06-29,Male,간병사,2018-03-29
838,권세인,1992-10-28,Male,보조원,2015-12-03
839,김세인,1978-03-23,Male,관리자,2017-06-01
840,장지우,1963-02-17,Female,물리치료사,2017-03-20
841,안민준,2010-02-13,Male,영양사,2011-12-26
842,강영준,2000-03-28,Male,요양사,2012-05-26
843,강태호,1987-09-24,Male,관리자,2012-02-06
844,한아름,1962-03-24,Male,사회복지사,2019-07-24
845,권세인,1964-07-14,Male,영양사,2021-04-13
846,한민준,1961-03-27,Male,영양사,2014-09-17
847,김태호,1998-09-30,Female,사회복지사,2012-05-21
848,한동욱,1962-07-22,Male,영양사,2011-05-18
849,양민지,1963-12-13,Male,관리자,2016-04-21
850,신다은,1991-10-27,Female,보조원,2012-03-02
851,한하은,1993-03-27,Male,영양사,2020-03-25
852,성하은,1965-08-31,Male,보조원,2010-09-30
853,오은정,1979-07-21,Male,물리치료사,2010-01-17
854,오준호,1980-03-23,Female,관리자,2015-08-20
855,조세인,1996-07-12,Female,간호사,2014-03-31
856,정민준,1998-11-20,Male,보조원,2013-01-22
857,이민호,2006-06-02,Male,요양사,2011-08-05
858,서영준,2009-09-04,Male,관리자,2010-01-14
859,양은정,1991-07-27,Female,영양사,2014-08-10
860,성지현,2004-10-11,Female,사회복지사,2010-06-05
861,박하은,1966-02-17,Female,관리자,2014-04-07
862,최수진,2001-06-26,Female,요양사,2021-08-27
863,양지현,1966-12-05,Male,영양사,2014-02-19
864,오지우,1982-11-09,Female,간호사,2015-03-13
865,안민호,2001-04-06,Female,보조원,2014-02-18
866,양영준,1977-06-05,Male,물리치료사,2012-02-10
867,성서연,1977-09-16,Female,간호사,2016-06-16
868,윤은정,1960-12-05,Male,사회복지사,2012-01-03
869,장은정,1966-05-15,Male,물리치료사,2013-02-26
870,정다은,2006-07-04,Male,보조원,2010-07-08
871,정민호,2012-01-28,Female,간호사,2016-08-21
872,홍지우,2004-06-26,Female,보조원,2019-08-14
873,이준영,1980-09-13,Female,요양사,2013-08-08
874,임재훈,2002-01-24,Male,간호사,2020-12-24
875,임동욱,1968-06-29,Female,관리자,2018-09-13
876,한준영,1977-12-28,Male,물리치료사,2020-03-09
877,신다은,1979-07-22,Male,간호사,2018-10-01
878,정태호,1977-12-10,Female,물리치료사,2013-12-09
879,박서연,2002-02-02,Male,요양사,2011-05-07
880,윤재훈,2008-10-19,Female,사회복지사,2019-05-27
881,최태호,1996-10-07,Female,보조원,2020-06-02
882,임세인,1997-10-18,Female,간병사,2022-01-22
883,서태호,1995-01-02,Female,관리자,2013-04-06
884,양동욱,1976-07-06,Female,영양사,2020-03-31
885,안소영,1974-09-01,Female,영양사,2014-11-30
886,윤준영,1961-09-26,Female,보조원,2010-11-19
887,최지우,1965-07-21,Male,물리치료사,2022-03-31
888,한하은,1970-01-12,Female,영양사,2011-12-03
889,권태호,1981-02-25,Male,물리치료사,2015-02-27
890,신동욱,2011-12-21,Male,관리자,2011-08-06
891,이아름,2009-09-13,Female,물리치료사,2012-02-14
892,조재훈,2013-05-10,Female,영양사,2020-07-12
893,홍준영,2005-09-24,Male,물리치료사,2021-06-05
894,안태호,2010-05-09,Male,간병사,2010-12-17
895,장하은,2012-04-07,Female,간호사,2010-12-28
896,권수진,1986-07-14,Female,관리자,2019-01-24
897,윤민준,1970-03-15,Female,간호사,2012-09-10
898,박수진,1983-10-19,Female,사회복지사,2013-06-24
899,황재훈,1992-08-05,Male,영양사,2012-12-12
900,오민지,2004-11-25,Male,관리자,2021-11-01
901,이은정,1988-07-20,Female,보조원,2021-06-09
902,신서연,1961-04-13,Female,간병사,2010-01-28
903,조동욱,1974-10-25,Female,관리자,2021-03-25
904,김다은,1997-02-18,Female,간호사,2011-07-30
905,한준영,1961-10-14,Female,간병사,2021-12-06
906,임태호,2002-05-14,Female,관리자,2022-11-17
907,김민준,1981-11-15,Female,관리자,2011-03-10
908,서준영,1960-02-21,Male,보조원,2021-01-18
909,성동욱,1985-04-28,Female,영양사,2014-05-25
910,윤지현,1963-03-23,Male,사회복지사,2014-12-06
911,양다은,1998-05-20,Male,물리치료사,2019-10-14
912,윤영준,1966-06-06,Male,보조원,2017-09-22
913,한하은,1992-01-17,Male,영양사,2021-05-07
914,강태호,1990-03-01,Male,요양사,2018-07-09
915,신민준,1982-09-16,Male,간병사,2012-02-13
916,장은정,2000-02-08,Male,보조원,2012-04-23
917,장세인,1995-12-06,Male,관리자,2014-01-16
918,김민준,2004-09-16,Male,요양사,2018-12-28
919,성상희,2002-01-20,Female,요양사,2018-10-19
920,최준영,2001-07-19,Male,간병사,2011-03-25
921,김준호,2011-02-17,Male,영양사,2019-02-22
922,임아름,1963-10-07,Male,물리치료사,2018-06-17
923,홍동욱,2001-09-26,Male,관리자,2020-06-29
924,양상희,1972-01-07,Male,요양사,2022-12-21
925,서동욱,1994-05-06,Male,간호사,2017-12-25
926,임재훈,1965-08-16,Male,사회복지사,2012-06-09
927,한동욱,1973-11-06,Male,보조원,2021-08-16
928,양준호,2002-07-18,Female,사회복지사,2011-03-22
929,윤은정,1975-02-03,Female,물리치료사,2018-10-12
930,양영준,1969-10-11,Female,보조원,2018-04-27
931,오서연,1968-03-26,Male,관리자,2012-04-13
932,오민지,1960-12-02,Female,간병사,2010-11-10
933,한민지,1985-08-26,Male,간호사,2015-07-29
934,오재훈,1964-12-08,Male,보조원,2020-08-17
935,한수진,1994-05-22,Female,간병사,2013-01-06
936,한재훈,2004-01-02,Male,사회복지사,2010-09-08
937,정하은,1967-09-21,Female,간병사,2021-01-02
938,조수진,1977-12-26,Female,요양사,2021-02-07
939,조소영,2007-01-07,Male,영양사,2018-08-09
940,윤영준,2006-07-24,Male,간호사,2010-03-25
941,조소영,1963-05-17,Female,영양사,2015-10-09
942,이수진,2006-05-03,Male,요양사,2018-01-30
943,박아름,2009-02-16,Male,간병사,2020-08-21
944,최영준,2001-03-18,Male,보조원,2022-08-09
945,정동욱,2011-02-22,Male,영양사,2010-12-02
946,권민준,1984-05-24,Male,영양사,2022-03-16
947,정동욱,1982-09-05,Female,간호사,2019-11-30
948,김민호,1974-09-03,Female,관리자,2016-07-17
949,박동욱,2009-02-06,Female,보조원,2020-07-20
950,서민지,1997-10-22,Female,보조원,2015-07-03
951,안민지,1992-10-03,Male,요양사,2014-08-13
952,윤민호,1994-10-08,Male,보조원,2021-05-30
953,임민준,1987-10-30,Female,물리치료사,2020-05-26
954,최지우,1998-02-10,Female,요양사,2013-06-14
955,박수진,1969-05-02,Female,간호사,2015-02-19
956,오영준,1972-06-04,Male,영양사,2019-12-23
957,최하은,1997-09-03,Male,보조원,2021-01-15
958,김준영,1964-08-19,Male,요양사,2019-06-10
959,최민지,1965-07-06,Female,관리자,2020-11-27
960,조민지,1991-02-04,Male,간호사,2015-02-24
961,박세인,1988-08-25,Female,관리자,2018-02-04
962,박태호,1972-04-19,Male,보조원,2014-09-24
963,안동욱,1984-04-30,Female,간호사,2022-08-23
964,신세인,2007-10-15,Male,물리치료사,2011-05-17
965,조민호,1974-10-19,Female,사회복지사,2014-09-10
966,최아름,1987-09-05,Female,물리치료사,2019-10-12
967,김동욱,1969-06-03,Male,보조원,2020-10-20
968,신영준,1977-04-03,Female,요양사,2013-10-17
969,최하은,2007-02-06,Male,관리자,2014-05-15
970,정재훈,1993-06-14,Male,요양사,2011-04-30
971,박아름,1988-01-24,Female,요양사,2015-10-09
972,안지우,1996-03-03,Male,간병사,2013-08-24
973,권영준,1978-05-31,Female,물리치료사,2016-05-08
974,이민지,2003-01-18,Male,간호사,2011-05-14
975,김동욱,2001-07-28,Female,물리치료사,2022-06-23
976,안민준,1990-04-18,Male,물리치료사,2015-11-29
977,김재훈,1991-04-09,Male,요양사,2019-01-07
978,오지현,1990-08-03,Female,사회복지사,2011-06-02
979,홍은정,1960-05-26,Female,요양사,2020-12-23
980,조하은,1967-06-02,Male,보조원,2011-12-23
981,김동욱,2001-07-13,Male,관리자,2021-06-06
982,오소영,2006-05-01,Male,간병사,2021-06-26
983,김다은,2001-08-26,Male,물리치료사,2016-11-01
984,박수진,2011-01-24,Male,물리치료사,2019-12-25
985,안재훈,2001-01-25,Female,간호사,2013-06-26
986,권재훈,1996-12-18,Female,영양사,2015-11-05
987,김세인,1987-10-11,Male,요양사,2022-10-19
988,홍수진,1995-01-22,Female,관리자,2011-11-12
989,김수진,1999-05-25,Female,사회복지사,2013-09-04
990,정준호,1975-03-02,Female,물리치료사,2018-02-12
991,윤은정,2011-01-01,Female,보조원,2010-01-31
992,이아름,2006-08-21,Female,영양사,2016-10-19
993,장태호,2003-10-26,Female,사회복지사,2021-09-08
994,조수진,2011-08-20,Female,물리치료사,2011-04-11
995,황재훈,1977-12-14,Female,물리치료사,2022-11-24
996,양서연,1967-01-31,Male,물리치료사,2012-02-12
997,박준영,1962-08-16,Male,간병사,2010-05-21
998,김세인,2010-06-08,Male,요양사,2022-04-20
999,장아름,1976-06-29,Female,사회복지사,2012-08-03
1000,조민호,1995-04-30,Male,보조원,2010-11-22
